/*
Navicat MySQL Data Transfer

Source Server         : hello
Source Server Version : 50505
Source Host           : 127.0.0.1:3306
Source Database       : postdatascreen

Target Server Type    : MYSQL
Target Server Version : 50505
File Encoding         : 65001

Date: 2024-02-28 02:41:46
*/

SET FOREIGN_KEY_CHECKS=0;

-- ----------------------------
-- Table structure for `companylist`
-- ----------------------------
DROP TABLE IF EXISTS `companylist`;
CREATE TABLE `companylist` (
  `name` varchar(200) COLLATE utf8_bin DEFAULT NULL,
  `id` varchar(200) COLLATE utf8_bin NOT NULL,
  `intro` varchar(8000) COLLATE utf8_bin DEFAULT '',
  `user_name` varchar(200) COLLATE utf8_bin DEFAULT '',
  `user_id` varchar(200) COLLATE utf8_bin DEFAULT NULL,
  `founded` varchar(200) COLLATE utf8_bin DEFAULT NULL,
  `business_status` varchar(100) COLLATE utf8_bin DEFAULT NULL,
  `address` varchar(1000) COLLATE utf8_bin DEFAULT '',
  `position` varchar(300) COLLATE utf8_bin DEFAULT '',
  `province` varchar(50) COLLATE utf8_bin DEFAULT NULL,
  `province_id` varchar(100) COLLATE utf8_bin DEFAULT NULL,
  `social_code` varchar(200) COLLATE utf8_bin DEFAULT NULL,
  `registration_authority` varchar(300) COLLATE utf8_bin DEFAULT NULL,
  `business_scope` varchar(5000) COLLATE utf8_bin DEFAULT '',
  `photos` varchar(1000) COLLATE utf8_bin DEFAULT NULL,
  PRIMARY KEY (`id`)
) ENGINE=InnoDB DEFAULT CHARSET=utf8 COLLATE=utf8_bin;

-- ----------------------------
-- Records of companylist
-- ----------------------------
INSERT INTO `companylist` VALUES ('大同市东兴鼎昊酒店管理有限公司 ', '0e2e1e30-323b-40db-867d-f11664c4d80f', '东兴鼎昊酒店管理（集团）有限公司成立于2011年。专业从事企事业单位、各类院校、医院餐厅等食堂经营管理的团餐服务专家，至今已发展成为一家集食堂承包经营管理（企业食堂，学校食堂，医院食堂）、配餐服务与外卖、主食厨房、食品配送、厨师培训与派遣、美食广场、厨房设备与餐厅设计、物业管理、酒店管理与培训等一体化的现代化的后勤保障与服务公司。', '李晓东', '8709bea5-fdee-4a68-86f8-53ccf90a1f55', '2011-01-21', '0', '山西省大同市平城区迎宾街道云中路金地福苑9号楼7号商铺三层（一照多址）', '{\"lng\":113.288365,\"lat\":40.075966}', '山西', '101100000', '91140200568463403A', '大同市平城区市场监督管理局', '一般项目：酒店管理；信息咨询服务（不含许可类信息咨询服务）；企业管理；企业总部管理；企业管理咨询；咨询策划服务；市场营销策划；企业形象策划；商业、饮食、服务专用设备销售；厨具卫具及日用杂品批发；食品用塑料包装容器工具制品销售；城市绿化管理；专业保洁、清洗、消毒服务；日用品批发；日用杂品销售；人力资源服务（不含职业中介活动、劳务派遣服务）；劳务服务（不含劳务派遣）；装卸搬运；供应链管理服务；物业管理；住房租赁；非居住房地产租赁；单位后勤管理服务；信息技术咨询服务；园林绿化工程施工；家政服务；建筑物清洁服务；会议及展览服务；组织文化艺术交流活动；礼仪服务；软件开发；计算机软硬件及辅助设备零售；技术服务、技术开发、技术咨询、技术交流、技术转让、技术推广；洗染服务；洗烫服务；通用设备修理；餐饮管理；食品销售（仅销售预包装食品）；大数据服务；服务消费机器人制造。（除依法须经批准的项目外，凭营业执照依法自主开展经营活动） 许可项目：餐厨垃圾处理；城市配送运输服务（不含危险货物）；道路货物运输（不含危险货物）；住宿服务；城市建筑垃圾处置（清运）；城市生活垃圾经营性服务；特种设备安装改造修理；洗浴服务；食品销售；餐饮服务。（依法须经批准的项目，经相关部门批准后方可开展经营活动，具体经营项目以相关部门批准文件或许可证件为准）', 'https://img.bosszhipin.com/beijin/mcs/chatphoto/20170714/b56ee020d78e4464e3c9b193bcb58b72bda7fa93408e574ecffd552da2544d2d.jpg?x-oss-process=image/resize,w_140,limit_0/format,webp');
INSERT INTO `companylist` VALUES ('树根互联股份有限公司 ', '0f638e14-1d9c-4021-822c-d8b5a2168951', '树根互联股份有限公司（以下简称“树根互联”）成立于2016年6月，定位为数字化转型新基座，开发了以自主可控的工业互联网操作系统为核心的工业互联网平台——根云平台。公司提供的工业互联网解决方案主要包括智能制造IIoT解决方案、产品智能化IIoT解决方案、产业链IIoT解决方案，赋能工业企业的智能生产管理、产品与服务的创新以及产业链协同，提供低成本、低门槛、高效率、高可靠的工业互联网数字化转型服务。公司业务快速增长，最近三年营业收入复合增长率达到84.71%。\n公司作为中国工业互联网领域最早的开拓者之一，连续多年获得工业和信息化部、国际权威评测机构等的认可，稳居工业互联网行业第一梯队，具有良好的口碑和市场影响力。目前，树根互联已连续四年入选工信部“跨行业跨领域工业互联网平台清单”，连续四年入选Gartner“全球工业互联网平台魔力象限”、位居中国第一，也是广州市重点产业链“软件和信创”链主企业。在IDC发布的《2021中国工业互联网平台市场厂商评估》结果中位于“领导者象限”，技术力全国第一；在IDC首次发布的《IDC MarketScape：中国数字工厂整体解决方案2022年厂商评估》中，树根互联成功上榜并位居IDC数字工厂领导者象限。在福布斯中国评选的“2021年度中国十大工业数字化转型企业”榜单中位列首位。\n', '梁在中', '0815f57c-8fd3-44a9-be09-1e13f25c4e14', '2016-06-16', '1', '广州市海珠区华洲路190号5栋整栋1-3层（仅限办公） \n', '{\"lng\":113.350669,\"lat\":23.080336}', '广东', '101280000', '91440101MA5AWYKG0C', '广州市市场监督管理局', '软件技术推广服务;计算机信息安全产品设计;信息系统安全服务;计算机技术转让服务;计算机硬件的研究、开发;信息技术咨询服务;货物进出口（专营专控商品除外）;计算机及通讯设备租赁;计算机和辅助设备修理;通信系统工程服务;商品信息咨询服务;计算机技术开发、技术服务;智能机器系统技术服务;网络技术的研究、开发;软件开发;数据处理和存储服务;软件服务;技术进出口;软件测试服务;信息系统集成服务;数据处理和存储产品设计;计算机网络系统工程服务;增值电信服务（业务种类以《增值电信业务经营许可证》载明内容为准）\n', 'https://img.bosszhipin.com/beijin/mcs/chatphoto/20210421/29f6a6c38c7c51ca27041bf06d402f46f0ed85007f94de4971e5ba2c250bbac2_s.jpg?x-oss-process=image/resize,w_120,limit_0');
INSERT INTO `companylist` VALUES ('成都房联云码科技有限公司', '13238cdd-f834-4f5a-8ef7-fab59c5126c8', '成都房联云码科技有限公司成立于2009年12月，注册资金4000万元，是目前全国唯一一家能够提供全房地产产业链智慧房产系统的软件企业，全国唯一一家由公司为政府投资研发智慧房产系统并以增值服务实现营利的房产软件企业。\n公司现已获得“国家高新技术企业”证书、软件企业认定和软件产品登记（“双软认证”），拥有涉房地产相关计算机软件著作权60余项，公司拥有信息、咨询、技术、服务等各类人员近300人，平均年龄27.8岁，办公地位于软件园C区，是一个现代的、年轻的、创新的技术+运营型企业。\n公司研发的基于数据仓库技术的房产电子政务管理系统已经通过成都市重大创新产品奖励专项资金的审核，被列入“中国制造2025四川行动资金项目（产业技术研究与开发）”名单。\n公司以软件技术为支撑，以移动互联网为渠道，以国家房地产政策解读为引导，以先进的智慧房产整体解决方案为基础，提供了以房产交易、数据应用、金融创新和物业社区管理为核心的不动产全生命周期服务，汇集了房产各项行业应用和公众服务，实现了不动产全产业链的资源整合。\n本着创新驱动发展、科技服务民生的精神，成都房联云码科技有限公司努力践行企业社会责任，不断将便捷、安全、智慧的产品和服务推向房地产行业的各个领域，目前已有“智慧房产”平台、“房银通”平台、金融服务平台、房产金融大数据分析平台、银行直贷服务、权证代办服务、地产魔方大数据平台、物业ERP、成都透明房产网等系统和服务。房联云码为不断满足人们日益增长的房产服务，在移动互联网时代，不忘初心，砥砺前行。', '胡树', 'abc5fd12-3d0d-44f6-8ce9-b86e10df8037', '2009-12-04', '0', '中国（四川）自由贸易试验区成都高新区天华二路219号12栋4层 \n', '{\"lng\":104.079212,\"lat\":30.546202}', '四川', '101270000', '915101006962782614', '成都高新区市场监督管理局', '许可项目：职业中介活动；劳务派遣服务；测绘服务；建设工程勘察（依法须经批准的项目，经相关部门批准后方可开展经营活动，具体经营项目以相关部门批准文件或许可证件为准）一般项目：软件开发；软件销售；计算机软硬件及辅助设备零售；计算机软硬件及辅助设备批发；信息系统集成服务；信息技术咨询服务；信息咨询服务（不含许可类信息咨询服务）；房地产咨询；房地产经纪；物业管理；计算机及通讯设备租赁；广告设计、代理；会议及展览服务；接受金融机构委托从事信息技术和流程外包服务（不含金融信息服务）；劳务服务（不含劳务派遣）；人力资源服务（不含职业中介活动、劳务派遣服务）；地理遥感信息服务；档案整理服务（除依法须经批准的项目外，凭营业执照依法自主开展经营活动）。', 'https://img.bosszhipin.com/beijin/mcs/chatphoto/20190408/40939647cf04a587fbcb28be71c56eed8fa6662323ebd59e06926ee07151fbbd.jpg?x-oss-process=image/resize,w_120,limit_0');
INSERT INTO `companylist` VALUES ('北京嘀嘀无限科技发展有限公司 ', '19c4da36-adb4-4e4d-87ec-7d87da90e9d8', '滴滴出行是卓越的一站式移动出行平台；为5.5亿用户提供出租车、快车、专车、豪华车、公交、代驾、企业级、共享单车、共享电单车、共享汽车、外卖等多元化的出行和运输服务。在滴滴平台，超过3100万车主及司机获得灵活的工作和收入机会。\n滴滴出行与监管部门、出租车行业及社群积极协作，致力于以智慧交通创新解决全球交通、环保和就业挑战。滴滴也和汽车产业链企业建立广泛的合作，携手打造面向未来的汽车运营服务平台。\n在全球范围内，滴滴与Grab、Lyft、Ola、99、Taxify、Careem构建的移动出行网络触达全球超过80%的人口、覆盖1000多座城市。目前，滴滴通过旗下99平台服务巴西，在墨西哥和澳洲提供滴滴品牌的出行业务；并在日本通过合资公司提供网约出租车服务。滴滴始终致力于提升用户体验，创造社会价值，建设安全、开放、可持续的移动出行新生态。', '程维', 'e4308aaa-be17-444a-87d7-fc435a10b77a', '2013-05-06', '0', '北京市海淀区唐家岭北环路6号院1号楼A座三层303 \n', '{\"lng\":116.281873,\"lat\":40.074097}', '北京', '101010000', '911101080673385595', '北京市海淀区市场监督管理局', '计算机软件及网络技术的研发；技术服务、技术咨询、技术转让；销售自行研发的软件产品；经济信息咨询。（市场主体依法自主选择经营项目，开展经营活动；依法须经批准的项目，经相关部门批准后依批准的内容开展经营活动；不得从事国家和本市产业政策禁止和限制类项目的经营活动。）\n', 'https://img.bosszhipin.com/beijin/mcs/bar/20201205/25965fbe2c0440e760df2b6a6b81d7c2be1bd4a3bd2a63f070bdbdada9aad826.png?x-oss-process=image/resize,w_120,limit_0');
INSERT INTO `companylist` VALUES ('百度在线网络技术（北京）有限公司 ', '490268ed-9f9a-4543-86be-07ba13225f31', '“百度”二字，来自于八百年前南宋词人辛弃疾的一句词：众里寻他千百度。这句话描述了词人对理想的执着追求。\n百度拥有数万名研发工程师，这是中国乃至全球最为优秀的技术团队。这支队伍掌握着世界上最为先进的搜索引擎技术，使百度成为中国掌握世界尖端科学核心技术的中国高科技企业，也使中国成为美国、俄罗斯、和韩国之外，全球仅有的4个拥有搜索引擎核心技术的国家之一。', '崔珊珊', 'cf772738-f773-4274-8faf-0f469c0447a3', '2000-01-18', '0', '北京市海淀区上地十街10号百度大厦三层 \n', '{\"lng\":116.307832,\"lat\":40.056848}', '北京', '101010000', '91110108717743469K ', '北京市海淀区市场监督管理局', '开发、生产计算机软件；提供相关技术咨询、技术服务、技术培训；承接计算机网络系统工程；货物进出口、技术进出口、代理进出口；设计、制作、代理、发布广告；软件开发；技术开发、技术推广、技术转让；销售自产产品、医疗器械II类、电子产品、器件和元件、计算机、软件及辅助设备、灯具、五金交电、自行开发后的产品；计算机系统集成；委托加工生产通讯设备；销售第三类医疗器械。（市场主体依法自主选择经营项目，开展经营活动；销售第三类医疗器械以及依法须经批准的项目，经相关部门批准后依批准的内容开展经营活动；不得从事国家和本市产业政策禁止和限制类项目的经营活动。）', 'https://img.bosszhipin.com/beijin/mcs/banner/00c9c1238ae2c986f3e7741be97a9669cfcd208495d565ef66e7dff9f98764da.jpg?x-oss-process=image/resize,w_120,limit_0');
INSERT INTO `companylist` VALUES ('锐华能源（大同）技术有限公司', '6c8a7439-ed12-44f6-be55-a5cc3124236d', '晋北地区最大的充电桩及逆变器生产厂家\n', '刘凯', '128b85a6-a0c8-4000-82b6-703c41e89ec8', '2023-09-07', '0', '山西省大同市新荣区花园屯镇新荣经济技术开发区企业孵化服务中心北区104D室 \n', '{\"lng\":113.347874,\"lat\":40.16061}', '山西', '101100000', '91140262MACXJNAE32', '新荣经济技术开发区行政审批局', '一般项目：光伏设备及元器件制造；输配电及控制设备制造；电力电子元器件制造；工业自动控制系统装置制造；新能源原动设备制造；电力电子元器件销售；充电桩销售；机动车充电销售；集中式快速充电站；信息系统集成服务；技术服务、技术开发、技术咨询、技术交流、技术转让、技术推广；数据处理和存储支持服务；信息技术咨询服务；计算机软硬件及辅助设备零售；消防器材销售；智能控制系统集成；智能基础制造装备制造；智能基础制造装备销售；光伏设备及元器件销售；太阳能发电技术服务；电子、机械设备维护（不含特种设备）；信息系统运行维护服务；电动汽车充电基础设施运营。（除依法须经批准的项目外，凭营业执照依法自主开展经营活动）\n', 'https://img.bosszhipin.com/beijin/upload/com/logo/20231103/7b5b554d84f9729c5a981dd8816a5986cd5614146c85311bc51943eae28638a614640c8694ee0d1d.png.webp?x-oss-process=image/resize,w_120,limit_0');
INSERT INTO `companylist` VALUES ('山西域亨科创科技有限公司 ', '8ed368e5-1d5f-4f20-87ce-4796fb32c994', '山西域亨科创科技有限公司（简称域亨科创），为响应山西省大同市政府打造“新能源之都”、大力发展高科技产业的号召，于2020年7月在山西省大同市成立，公司拥有丰富实战经验的技术团队，在北京、上海、杭州等地区的项目做出了巨大的贡献，现正在实施拓展山西、陕西、内蒙古、河北等中西部地区的业务。公司将立足于山西省大同市，真正做强做大，立志成为中西部地区的科创龙头企业。', '程飞', '5984d248-dbea-4a45-946d-b03265319767', '2020-12-31', '0', '山西省大同市开发区上海漕河泾大同国际创新创业园1454号 \n', '{\"lng\":113.368395,\"lat\":40.104995}', '山西', '101100000', '91140200MA0LEEHN7A', '大同市市场监督管理局开发区分局', '技术服务；应用软件服务；计算机系统服务；软件开发；技术开发及咨询；销售计算机、软件及辅助设备；销售电子产品；企业管理咨询；组织文化艺术交流活动（不含演出）（依法须经批准的项目，经相关部门批准后方可开展经营活动）', 'https://img.bosszhipin.com/beijin/mcs/chatphoto/20210225/5dd77f2b288e96a7d620c629216a8971aaec55be1523d8e0a6f0b0d9c1f25d28_s.jpg?x-oss-process=image/resize,w_120,limit_0');
INSERT INTO `companylist` VALUES ('深圳市惟客数据科技有限公司 ', 'd8c73029-ebfc-47b1-8ca0-9fbe87b47ee2', 'WakeData惟客数据是一家以大数据和AI人工智能为核心的数字化客户经营服务商，秉承“数字化客户经营”的理念，为企业实现客户经营数字化和资源管理数字化提供产品和一站式解决方案。唤醒数据，让客户经营更简单。\n客户经营是商业模式的全面创新，是从产品经营到客户经营的重大转型。数字化客户经营是企业经营理念和数字化建设的全新升级，从过去「以资源为中心，以流程驱动」升级成「以客户为中心，以数据驱动」。「以客户为中心」主要体现在围绕客户全旅程和全生命周期经营，提升客户服务体验；「以数据驱动」则体现在经营过程中通过对客户数据精准洞察和全旅程的数字运营迭代，提升客户服务体验和经营效率。\n产品「惟客云」定位于以数据智能驱动的客户经营系统，对外帮助企业构建获客、留存、促活、成交、复购的完整公域转私域经营闭环；对内通过统一数据口径、数据资产共享、数据可视化等手段，以数据驱动运营和管理协同，不断优化业务流程，最终赋能企业实现客户经营数字化、资源管理数字化。\n「惟客云」围绕数字连接+数据智能+数字运营的数字化升级路径，构建了完整的产品矩阵。应用工具、数据和运营，工具解决企业用户连接数字化，是基于用户触点场景的小程序、APP、公众号、网站、短信等客户产品、服务和营销应用，这一步主要完成聚集数字用户产生用户流量。数据则是打通企业线上线下全渠道、全触点、全链路的用户交易数据和行为数据，并形成用户数据平台CDP、用户运营模型和算法模型，即常见用户标签画像，用户转换、用户忠诚度、用户价值模型和推荐算法模型。运营则是固化行业优秀的运营体系，运营活动工具和模板内容，让传统企业也具备像互联网公司一样的用户运营基础能力。\n为适应公司发展需求，惟客数据团队正在快速稳健地扩张，启用深圳、珠海双总部模式，分别于北京、上海、广州、深圳、珠海、成都设立了研发中心。目前已获得IDG资本、红杉中国、红点中国、腾讯、保利资本科技基金、保利碧桂园产业链基金等头部资本领投的多轮融资。截至目前，中国前10强的房地产企业有7家都选择惟客数据。惟客数据已先后服务于碧桂园、保利发展、融创中国、绿城集团、旭辉集团、美的置业、越秀地产、万达集团、富力集团等50余家头部地产客户；屈臣氏、百安居、格力集团、喜茶、东鹏、掌上明珠、箭牌卫浴、大参林、益丰大药房、长城汽车等30余家泛消费零售行业客户；国家铁路集团、香港医管局等多家政企客户。\n', '李柯辰', '8a14b5da-d6ca-46ea-8bb3-a736aefecce6', '2018-08-15', '0', '深圳市南山区粤海街道海珠社区海德三道199号天利中央商务广场3106-3111（3106、3108、3109、3110） \n', '{\"lng\":113.949797,\"lat\":22.524569}', '广东', '101280000', '91440300MA5F99DY43', '深圳市市场监督管理局', '一般经营项目是：软件技术开发、技术咨询、技术服务；数据分析与数据处理；基础软件服务；应用软件服务；计算机系统服务；计算机硬件、通信设备、安防设备、电子产品的设计与技术开发；移动互联网、物联网技术开发；企业管理咨询服务；信息系统设计、集成、技术维护；软件咨询；软件开发；软件产品设计；销售自行开发后的产品；从事广告业务；销售电子产品、通讯设备、计算机、软件及辅助设备，许可经营项目是：经营电信业务。\n', 'https://img.bosszhipin.com/beijin/upload/com/logo/20200428/6885563201390bcdad302477e2711ffda0ccf90649e3255c8355c3f92374cd90.jpg?x-oss-process=image/resize,w_120,limit_0');
INSERT INTO `companylist` VALUES ('蚂蚁雄兵（天津）科技发展有限公司 ', 'd8e51b08-ac78-48d3-83d2-e060bc8644a3', '蚂蚁雄兵(天津)科技发展有限公司成立于2018年，坐落于天津市武清区。注册资本为1000万，职业项目经理21人，全职标注人员140人，兼职人员2000+人，兼职人员均为本科以上在校大学生，与多学校达成校企合作，并在山西、河北、福建设立蚂蚁雄兵分公司。\n主要业务包括:数据采集、数据标注、以及大数据的储存、管理、挖掘、分析的专业系统智能方案。\n通过数据的汇聚，采集，标注，清洗和增值，融合和意活各大类数据资源，实现数据价值的最大化，并推动相关技术应用和产业的创新。先已与国内人工智能领域企业开展战略合作，积累了众多项目的落地执行经验以及优秀案例，我们坚信数据是智能时代的基础”。\n“蚂蚁雄兵(天津)科技发展有限公司”以大学生市场为起点，三年内将市场范围扩大至全国各地，并拓展相关业务项目，成为大数据人工智能服务中一家综合性业务公司。同时努力探索开展公司管理工作的新方式，新方法，构建多层次多方位的公司管理体系，不断创新，开创个性独特的多样化数据信息资源平台。', '蔺鹏宇', '8e521ec7-5b7d-4bfa-8b08-30a06e665e18', '2018-05-02', '0', '天津市武清开发区福源道北侧创业总部基地B29号楼101室 \n', '{\"lng\":117.055342,\"lat\":39.414382}', '天津', '101030000', '91120222MA06BRJ071', '天津市武清区市场监督管理局', '一般项目：技术服务、技术开发、技术咨询、技术交流、技术转让、技术推广；大数据服务；互联网数据服务；人工智能公共服务平台技术咨询服务；人工智能公共数据平台；人工智能基础资源与技术平台；人工智能基础软件开发；软件开发；物联网应用服务；物联网技术服务；广告发布；化妆品零售；化妆品批发。（除依法须经批准的项目外，凭营业执照依法自主开展经营活动）许可项目：互联网信息服务；网络文化经营。（依法须经批准的项目，经相关部门批准后方可开展经营活动，具体经营项目以相关部门批准文件或许可证件为准）\n', 'https://img.bosszhipin.com/beijin/upload/com/logo/20201218/97c98424ec36e9de630b95b42cd3ba3db8c773948e55bca0cc57d0d073cff4ed.png?x-oss-process=image/resize,w_120,limit_0');
INSERT INTO `companylist` VALUES ('大同市华立科技有限责任公司 ', 'fe2d3f1b-b6d6-4e30-8397-a763710b3a42', '无', '张泽', '000076fa-a1af-4b00-8929-a1a3d310d268', '2004-03-26', '0', '山西省大同市平城区迎宾街道348号大有广场9C \n', '{\"lng\":113.309352,\"lat\":40.081582}', '山西', '101100000', '91140200759816267M', '大同市市场监督管理局', '计算机信息系统集成、计算机软硬件开发；安全技术防范设计与安装；建设工程：城市及道路照明工程、消防工程（以上两项办理资质证后方可经营）、广播系统技术服务、灯光音箱制作、运行维护服务、环保设备研发及维修、环保咨询、园林设施设备安装、园林绿化、室内装饰装修、雕刻、实验室仪器组装、企业管理咨询、代理代办电信业务；销售计算机硬件及外部设备、环保设备及配件、消防器材及设备、教学设备、实验室仪器、体育用品、健身器材、文化用品、家具、日用家电、日用品（不含食盐）、工矿配件、机电设备、电气自动化产品、电线电缆、建材、五金产品、水暖配件、服装、厨卫设备、化工产品（不含危险化学品、易燃易爆有毒品）、电子出版物：软件；出版物、音像制品；食品经营：土特产（以上四项办理许可证后方可经营）（依法须经批准的项目，经相关部门批准后方可开展经营活动）', 'https://img.bosszhipin.com/beijin/icon/894ce6fa7e58d64d57e7f22d2f3a9d18afa7fcceaa24b8ea28f56f1bb14732c0.png?x-oss-process=image/resize,w_120,limit_0');

-- ----------------------------
-- Table structure for `dictlist`
-- ----------------------------
DROP TABLE IF EXISTS `dictlist`;
CREATE TABLE `dictlist` (
  `id` varchar(100) COLLATE utf8_bin NOT NULL,
  `data` varchar(20200) COLLATE utf8_bin DEFAULT '',
  `name` varchar(100) COLLATE utf8_bin DEFAULT NULL,
  `remark` varchar(1000) COLLATE utf8_bin DEFAULT NULL,
  PRIMARY KEY (`id`)
) ENGINE=InnoDB DEFAULT CHARSET=utf8 COLLATE=utf8_bin;

-- ----------------------------
-- Records of dictlist
-- ----------------------------
INSERT INTO `dictlist` VALUES ('0fb7402d-3423-4fc4-bc29-af14d770c479', '[{\"label\":\"不限\",\"value\":\"0\"},{\"label\":\"在校生\",\"value\":\"1\"},{\"label\":\"应届生\",\"value\":\"2\"},{\"label\":\"1年以内\",\"value\":\"3\"},{\"label\":\"1-3年\",\"value\":\"4\"},{\"label\":\"3-5年\",\"value\":\"5\"},{\"label\":\"5-10年\",\"value\":\"6\"},{\"label\":\"10年以上\",\"value\":\"7\"}]', 'workExperience', '工作经验');
INSERT INTO `dictlist` VALUES ('8a736334-b1f3-4b64-a49a-8cec1b045f1c', '[{\"label\":\"存续\",\"value\":\"0\",\"color\":\"#128f8e\"},{\"label\":\"在业\",\"value\":\"1\",\"color\":\"#128f8e\"},{\"label\":\"未注销\",\"value\":\"2\",\"color\":\"#00b4b3 \"},{\"label\":\"注销\",\"value\":\"3\",\"color\":\"#bb2e3e\"},{\"label\":\"迁出\",\"value\":\"4\",\"color\":\"\"},{\"label\":\"迁入\",\"value\":\"5\",\"color\":\"\"},{\"label\":\"停业\",\"value\":\"6\",\"color\":\"#bb2e3e\"},{\"label\":\"清算\",\"value\":\"7\",\"color\":\"#ff0000\"}]', 'businessStatus', '企业经营状态');
INSERT INTO `dictlist` VALUES ('9dd35a51-cc63-4323-ada5-d7cd21611473', '[{\"label\":\"初中及以下\",\"value\":\"0\"},{\"label\":\"中专/中技\",\"value\":\"1\"},{\"label\":\"高中\",\"value\":\"2\"},{\"label\":\"大专\",\"value\":\"3\"},{\"label\":\"本科\",\"value\":\"4\"},{\"label\":\"硕士\",\"value\":\"5\"},{\"label\":\"博士\",\"value\":\"6\"},{\"label\":\"不限\",\"value\":\"7\"}]', 'education', '学历');
INSERT INTO `dictlist` VALUES ('a294d159-beca-4932-8b70-f38337c583e6', '[{\"value\":101010000,\"label\":\"北京\"},{\"value\":101020000,\"label\":\"上海\"},{\"value\":101030000,\"label\":\"天津\"},{\"value\":101040000,\"label\":\"重庆\"},{\"value\":101050000,\"label\":\"黑龙江\"},{\"value\":101060000,\"label\":\"吉林\"},{\"value\":101070000,\"label\":\"辽宁\"},{\"value\":101080000,\"label\":\"内蒙古\"},{\"value\":101090000,\"label\":\"河北\"},{\"value\":101100000,\"label\":\"山西\"},{\"value\":101110000,\"label\":\"陕西\"},{\"value\":101120000,\"label\":\"山东\"},{\"value\":101130000,\"label\":\"新疆\"},{\"value\":101140000,\"label\":\"西藏\"},{\"value\":101150000,\"label\":\"青海\"},{\"value\":101160000,\"label\":\"甘肃\"},{\"value\":101170000,\"label\":\"宁夏\"},{\"value\":101180000,\"label\":\"河南\"},{\"value\":101190000,\"label\":\"江苏\"},{\"value\":101200000,\"label\":\"湖北\"},{\"value\":101210000,\"label\":\"浙江\"},{\"value\":101220000,\"label\":\"安徽\"},{\"value\":101230000,\"label\":\"福建\"},{\"value\":101240000,\"label\":\"江西\"},{\"value\":101250000,\"label\":\"湖南\"},{\"value\":101260000,\"label\":\"贵州\"},{\"value\":101270000,\"label\":\"四川\"},{\"value\":101280000,\"label\":\"广东\"},{\"value\":101290000,\"label\":\"云南\"},{\"value\":101300000,\"label\":\"广西\"},{\"value\":101310000,\"label\":\"海南\"},{\"value\":101320000,\"label\":\"香港\"},{\"value\":101330000,\"label\":\"澳门\"},{\"value\":101340000,\"label\":\"台湾\"}]', 'province', '全国省份列表');
INSERT INTO `dictlist` VALUES ('c28f5e02-6ce9-4ec4-b757-53dc706b10ae', '[{\"label\":\"招聘中\",\"value\":\"0\",\"color\":\"#128f8e\"},{\"label\":\"已关闭\",\"value\":\"1\",\"color\":\"#f56c6c\"}]', 'recruitmentStatus', '招聘状态');

-- ----------------------------
-- Table structure for `piclist`
-- ----------------------------
DROP TABLE IF EXISTS `piclist`;
CREATE TABLE `piclist` (
  `id` varchar(1000) NOT NULL,
  `url` varchar(1000) DEFAULT NULL,
  PRIMARY KEY (`id`)
) ENGINE=InnoDB DEFAULT CHARSET=utf8;

-- ----------------------------
-- Records of piclist
-- ----------------------------

-- ----------------------------
-- Table structure for `postlist`
-- ----------------------------
DROP TABLE IF EXISTS `postlist`;
CREATE TABLE `postlist` (
  `id` varchar(200) COLLATE utf8_bin NOT NULL,
  `name` varchar(200) COLLATE utf8_bin DEFAULT NULL,
  `salary_range` varchar(100) COLLATE utf8_bin DEFAULT NULL,
  `avg_range` varchar(100) COLLATE utf8_bin DEFAULT NULL,
  `desc` varchar(2000) COLLATE utf8_bin DEFAULT NULL,
  `recruitment_status` varchar(100) COLLATE utf8_bin DEFAULT NULL,
  `post_type` varchar(100) COLLATE utf8_bin DEFAULT NULL,
  `company_name` varchar(200) COLLATE utf8_bin DEFAULT NULL,
  `company_id` varchar(200) COLLATE utf8_bin DEFAULT NULL,
  `company_address` varchar(500) COLLATE utf8_bin DEFAULT NULL,
  `company_position` varchar(100) COLLATE utf8_bin DEFAULT NULL,
  `company_province_id` varchar(100) COLLATE utf8_bin DEFAULT NULL,
  `company_province` varchar(100) COLLATE utf8_bin DEFAULT NULL,
  `education` varchar(20) COLLATE utf8_bin DEFAULT NULL,
  `work_life` varchar(20) COLLATE utf8_bin DEFAULT NULL,
  PRIMARY KEY (`id`)
) ENGINE=InnoDB DEFAULT CHARSET=utf8 COLLATE=utf8_bin;

-- ----------------------------
-- Records of postlist
-- ----------------------------
INSERT INTO `postlist` VALUES ('00a31d29-ec3d-46a1-81ce-6682a094668e', '推荐算法', '25-50K', '37.5', '负责用户画像，推荐算法和机器学习平台的搭建\n负责个性化推荐系统的设计及开发工作\n负责TopN场景个性化推荐算法的优化\n负责大模型生成技术的研发与应用\n有深度学习模型的算法研发及改进经验优先', '0', '[1010000,1000130,100118]', '百度在线网络技术（北京）有限公司 ', '490268ed-9f9a-4543-86be-07ba13225f31', '北京市海淀区上地十街10号百度大厦三层 \n', '{\"lng\":116.307832,\"lat\":40.056848}', '101010000', '北京', '5', '4');
INSERT INTO `postlist` VALUES ('0225aa8f-0734-4d16-87d7-c7f0b079e5ed', '软件实施', '6-10K', '8', '工作内容：\n1.负责项目实施全过程管理，制定项目计划，执行项目准备，执行需求调研、推动产品高品质按时交付上线，基于解决方案为客户创造价值。\n2.项目用户培训、解决问题，总结项目过程知识，项目文档及培训教材编写。\n3.不断学习新产品，通过模式创新、制度创新、方法创新、技术创新提高工作绩效。能够团队和一，共同成长，共同成就事业。\n职位要求：\n1.本科计算机相关专业。\n2.具有Java开发项目经验。\n2.能接受长期出差，一般项目周期为一个月。\n3.需要对网络，服务器等知识有基础的了解，可以熟练操作oracle，sqlserver等数据库。\n4.具有较强的表达、沟通、协调、组织能力，具有较强的项目协作能力、团队协作意识、创新服务意识，积极主动完成各项工作。', '0', '[1010000,1000040,100309]', '山西域亨科创科技有限公司 ', '8ed368e5-1d5f-4f20-87ce-4796fb32c994', '山西省大同市开发区上海漕河泾大同国际创新创业园1454号 \n', '{\"lng\":113.368395,\"lat\":40.104995}', '101100000', '山西', '4', '0');
INSERT INTO `postlist` VALUES ('09a59125-5a6a-465d-8d81-dc498f2aa2da', 'Java', '15-30K·13薪', '24.375', '负责订单处理相关产品JAVA后台系统的设计与开发\n\n', '0', '[1010000,1000020,100101]', '深圳市惟客数据科技有限公司 ', 'd8c73029-ebfc-47b1-8ca0-9fbe87b47ee2', '深圳市南山区粤海街道海珠社区海德三道199号天利中央商务广场3106-3111（3106、3108、3109、3110） \n', '{\"lng\":113.949797,\"lat\":22.524569}', '101280000', '广东', '3', '6');
INSERT INTO `postlist` VALUES ('0c938abb-2477-447d-8f98-dc69df9b9f35', '产品经理', '20-25K·16薪', '30', '【校招】百度小说商业化方向产品经理（广告、会员、订阅）校招暂不定方向，多方向尝试后定方向\n\n【工作描述】\n配合团队负责以下工作：\n1.百度app/百度极速版/大字版小说业务多种商业化方向的工作支持\n2.负责各类后向广告（激励，非标等）、会员订阅（长篇，短篇，内部分发，外部分销等）的产品建设工作\n3.负责需求规划、数据分析、功能设计、项目管理等产品工作\n\n【职责要求】\n1.本科及以上，有上述方向经验加分，熟悉泛小说行业加分\n2.逻辑思维清晰，对数据敏感，具备较强的数据分析能力，问题定位能力\n3.有极强的产品owner意识，有责任心\n4.有良好的团队合作意识与强推动能力\n5.有良好的沟通表达能力，积极主动\n6.自驱力，学习力强，渴望成长\n7.（加分项）短篇小说爱好者，懂内容创作加分，有成功内容创作和制作案例，有新媒体账号孵化成功案例加分\n\n加分项\n有以下行业经验：广告营销·音乐/视频/阅读', '0', '[1020000,1000160,110101]', '百度在线网络技术（北京）有限公司 ', '490268ed-9f9a-4543-86be-07ba13225f31', '北京市海淀区上地十街10号百度大厦三层 \n', '{\"lng\":116.307832,\"lat\":40.056848}', '101010000', '北京', '4', '2');
INSERT INTO `postlist` VALUES ('107449c1-7395-4dc5-b722-1808b90e20f8', '测试工程师', '4-6K', '5', '主要工作内容：\n1、充电桩产品硬件测试，软件功能测试，整机功能及性能测试，编写测试报告，编写测试规范等相关测试文档\n2、电源模块产品硬件测试，整机功能及性能测试，编写测试报告，编写测试规范等相关测试文档\n3、充电桩和电源产品小批量生产测试，编写测试规范等相关测试文档\n4、PCB单板焊接、测试，PCB单板测试规范编写\n5、研发样机组装，配线测试\n6、配合软件团队对电路板的功和性能进行测试验证，编写相关测试文档\n7、产品内部相关硬件电路辅助设计，嵌入式硬件电路辅助设计，产品测试工装设计\n8、产品相关的售前与售后技术支持\n\n工作任职要求：\n1、电子、通信、自动化、机电、电力电子等相关专业本科以上学历\n2、一年以上产品测试经验\n3、熟练使用示波器、万用表、功率分析仪等常用测试仪器设备\n4、熟悉产品研发测试流程，熟悉产品生产测试流程5、熟悉AD、CAD等常用绘图工具\n6、熟悉充电桩电气设计优先\n7、具有电力电子相关产品测试经验优先\n8、具有充电桩相关产品测试经验优先', '0', '[1010000,1000040,100309]', '锐华能源（大同）技术有限公司', '6c8a7439-ed12-44f6-be55-a5cc3124236d', '山西省大同市新荣区花园屯镇新荣经济技术开发区企业孵化服务中心北区104D室 \n', '{\"lng\":113.347874,\"lat\":40.16061}', '101100000', '山西', '4', '5');
INSERT INTO `postlist` VALUES ('11f41934-da07-4923-bed6-bb31c6027fd7', '高级数据科学家-北京', '25-35K·15薪', '37.5', '岗位职责：\n1. 支持国际化出行业务，针对西班牙语区国家BI方向，搭建配套的数据分析体系，输出分析报告；\n2. 通过数据监控及分析，配合业务推动司机乘客的增长分析、预算分配、城市级营销、竞争分析推动优化方案的评估和执行；\n3. 科学全面的评价各类优化动作的效果&投入产出比，并结合业务发展不断迭代逻辑；\n4. 根据需求设计实验方案，深入分析并评估实验结果，输出关键洞见。\n\n任职资格：\n1. 全日制本科以上学历，数学/统计学/计算机/金融等相关专业优先；\n2. 大型互联网平台3-5年数据分析/商业分析相关工作经验；\n3. 掌握统计学相关知识，熟练使用hive SQL编程语言；\n4. 英文熟练，可作为工作语言沟通对接，每年3-6个月出差到墨西哥、哥伦比亚。\n5. 优秀的沟通能力、跨团队协调&资源整合能力。\n6. 管理成熟度高，且能管理拉美本地员工（英语交流）。', '0', '[1010000,1000060,100511]', '北京嘀嘀无限科技发展有限公司 ', '19c4da36-adb4-4e4d-87ec-7d87da90e9d8', '北京市海淀区唐家岭北环路6号院1号楼A座三层303 \n', '{\"lng\":116.281873,\"lat\":40.074097}', '101010000', '北京', '4', '6');
INSERT INTO `postlist` VALUES ('13e96530-da6f-4229-b450-a0a22cbc9b68', 'AI芯片多媒体(video)驱动工程师(J13925)', '30-60K', '50', '工作职责:\n-负责百度AI芯片video codec驱动开发及性能调优\n-负责video软件架构设计及sdk开发维护\n-参与AI芯片video方向的需求分析、功能/性能验证等\n-支持AI芯片在安防、质检等视频结构化领域的应用开发\n\n职责要求:\n-熟练掌握C/C++,熟悉python\n-有丰富的linux驱动、多线程/进程、中断等开发经验\n-熟悉cache、mmu、dma相关知识,有arm架构驱动开发经验\n-熟悉视频协议标准（HEVC/H264等),有两年以上的video codec驱动开发经验\n-熟悉opencv、ffmpeg,有ffmpeg开发经验者优先;了解GStreamer多媒体构架\n-了解视频结构化应用场景\n-计算机、机器视觉、多媒体等相关专业,三年以上相关开发经验', '0', '[1210000,1000110,101405]', '百度在线网络技术（北京）有限公司 ', '490268ed-9f9a-4543-86be-07ba13225f31', '北京市海淀区上地十街10号百度大厦三层 \n', '{\"lng\":116.307832,\"lat\":40.056848}', '101010000', '北京', '4', '5');
INSERT INTO `postlist` VALUES ('151da9e0-b762-4a93-b3ca-c8e3a308a224', '大同锐华能源技术招聘电工', '3-4K', '3.5', '岗位职责\n1. 根据电路图进行充电桩布局及配线；\n2. 设备本体配线；\n3. 完成后的IO确认；\n4. 现场设备配线复原；\n\n任职资格\n1、2年以上自动化设备配线经验，能独立完成整机配线；\n2、从事数控柜、高低压电控柜电气配线。\n3、要求相关工作1-3年，能熟练看懂电气符号、电气原理图\n\n原标题：《电气配线技术员》', '0', '[1210000,2600842,300310]', '锐华能源（大同）技术有限公司', '6c8a7439-ed12-44f6-be55-a5cc3124236d', '山西省大同市新荣区花园屯镇新荣经济技术开发区企业孵化服务中心北区104D室 \n', '{\"lng\":113.347874,\"lat\":40.16061}', '101100000', '山西', '1', '4');
INSERT INTO `postlist` VALUES ('1adc8c81-2094-4c7a-87ab-8b292f769ef5', '中/高级前端开发工程师（零售事业部）', '15-20K', '17.5', '岗位职责:\n1、全流程参与新零售产品概念，架构设计，技术选型，核心代码编写，运维、性能调优。\n2、指导、培训初中级开发工程师，帮助故障排查，调试。\n3、协助业务方梳理业务需求，提供业务规划方案、架构设计方案， 并能根据方案展开研发工作。\n任职资格:\n1、 熟悉Ajax,JavaScript,XML,DOM，深入理解w3c web标准，兼容多种浏览器前端开发。\n2、 至少熟悉一种前端框架，如react，Vue。\n3、 具备良好的沟通表达能力和团队协作精神，有较强的责任心，执行力，并具备一定的抗压能力。\n4、 有移动端性能优化，小程序，公众号开发经验优先考虑。\n5、 有react-native & weex 项目实战经验优先考虑。\n6、 taro等小程序项目实践经验优先考虑。\n7、 对react有深入了解优先考虑。', '0', '[1010000,1000030,100901]', '深圳市惟客数据科技有限公司 ', 'd8c73029-ebfc-47b1-8ca0-9fbe87b47ee2', '深圳市南山区粤海街道海珠社区海德三道199号天利中央商务广场3106-3111（3106、3108、3109、3110） \n', '{\"lng\":113.949797,\"lat\":22.524569}', '101280000', '广东', '4', '5');
INSERT INTO `postlist` VALUES ('1cb02566-d9cc-4f18-8f59-a55d1bf3ff70', '系统运维工程师', '3-5K', '4', '要求：1、大专以上学历，计算机相关专业；2、熟悉Windows、Linux操作系统的安装和维护；3、熟悉机房设施、网络设备、网络安全设备、服务器、存储设备、虚拟化平台、灾备系统等信息系统基础设施的日常维护、配置优化、故障排查处理；4、能够熟练使用OFFICE办公软件；5、具有较强的学习能力，善于表达沟通，诚实守信，责任心强，具有良好的团队协作精神；6、有相关工作经验者优先。', '0', '[1010000,1000050,100401]', '大同市华立科技有限责任公司 ', 'fe2d3f1b-b6d6-4e30-8397-a763710b3a42', '山西省大同市平城区迎宾街道348号大有广场9C \n', '{\"lng\":113.309352,\"lat\":40.081582}', '101100000', '山西', '3', '5');
INSERT INTO `postlist` VALUES ('2247f4f0-11c4-4abc-9d37-559b75dfd3bc', '网络工程师', '3-5K', '4', '要求：1、大专以上学历，计算机相关专业；2、熟悉华为、H3C、锐捷等厂商的路由器、交换机、WLAN等网络设备的配置调试；3、熟悉TCP/IP协议、以太网L2/L3交换原理及协议、各种动态路由协议，组播路由协议，应用负载均衡、MPLS、SDN、VXLAN网络技术等；熟悉IPsec、SSL等VPN技术；4、熟悉Windows和Linux操作系统的安装和维护；5、熟悉防火墙等常见安全设备的配置调试；6、熟悉常见网络架构，能够独立完成客户网络系统的规划设计；7、能够熟练使用OFFICE办公软件；8、具有较强的学习能力，善于表达沟通，诚实守信，责任心强，具有良好的团队协作精神；9、拥有华为、H3C、思科等中级以上工程师认证者优先。', '0', '[1010000,1000050,100403]', '大同市华立科技有限责任公司 ', 'fe2d3f1b-b6d6-4e30-8397-a763710b3a42', '山西省大同市平城区迎宾街道348号大有广场9C \n', '{\"lng\":113.309352,\"lat\":40.081582}', '101100000', '山西', '3', '5');
INSERT INTO `postlist` VALUES ('244e511f-df1d-4214-825f-e071a8844b79', '大模型算法', '300-500元/天', '12', '工作职责:\n\n-探索大模型的多模态对齐、多模态生成等前沿任务\n-负责模型结构构建优化、下游任务适配等\n-其他岗位职责内相关工作\n\n职位要求:\n\n-2024年或以后毕业的计算机、数学、人工智能等相关专业和相关实验室在校生\n-掌握扩散模型或自回归模型的算法原理和实现细节，了解大规模模型训练、指令微调、PEFT的实践经验，有相关经验或发表相关顶会论文者优先\n-熟练掌握Pytorch、TensorFlow等常用框架\n-具有较好的团队沟通合作能力、分析问题和解决问题的能力\n-具备 自然语言处理/计算机视觉/多模态 的理论背景和实践经验', '0', '[1010000,1000130,101310]', '百度在线网络技术（北京）有限公司 ', '490268ed-9f9a-4543-86be-07ba13225f31', '北京市海淀区上地十街10号百度大厦三层 \n', '{\"lng\":116.307832,\"lat\":40.056848}', '101010000', '北京', '4', '2');
INSERT INTO `postlist` VALUES ('29c13faf-d0f5-4db2-a416-987463632412', '软件工程师', '3-5K', '4', '要求：1、大专以上学历； 2. 扎实的HTML、CSS和JavaScript编程技能：熟悉HTML5和CSS3，并掌握响应式布局和移动端开发；拥有良好的JavaScript编码能力，熟悉常用的框架（如React、Angular、Vue.js）。3、熟悉常用的IDE（如Visual Studio Code）、版本控制系统（如Git）、包管理器（如npm、yarn）；熟悉前端构建工具（如Webpack）和调试工具。4、具备解决不同浏览器下的兼容性问题的经验；能够进行前端性能优化，包括资源加载、代码压缩和懒加载等。5、接口和数据交互：熟悉前端与后端接口对接方式，了解数据交互和前后端分离的思想。6、对用户界面设计有一定的理解，能够根据设计稿进行前端实现。7、熟悉Linux操作系统常用命令，能完成日常参数检查、服务启停、应用配置等。8、具备JAVA开发经验,熟练使用Spring MVC、Spring boot、Mybatis等主流框架；9、熟练使用Oracle、Mysql、redis等数据库；10、熟练使用OFFICE办公软件，能完成各类开发、运维等文档的编制。11、具备良好的团队合作精神，工作积极主动责任心强；12、有大中规模软件设计与开发工作经验者优先', '0', '[1010000,1000150,101101]', '大同市华立科技有限责任公司 ', 'fe2d3f1b-b6d6-4e30-8397-a763710b3a42', '山西省大同市平城区迎宾街道348号大有广场9C \n', '{\"lng\":113.309352,\"lat\":40.081582}', '101100000', '山西', '3', '5');
INSERT INTO `postlist` VALUES ('31e2738e-35b4-46b0-815a-c8681d32ac3e', '高级Java工程师 - 广州', '15-25K', '20', '岗位职责\n1、负责大数据平台系统的架构设计与研发；\n2、参与方案讨论、技术调研，解决开发中的技术难题，分析和提高系统性能；\n3、参与新技术的预研，能给团队带来新的思路与方法；\n\n任职资格：\n1、本科或以上学历，计算机软件或相关专业，5年以上开发经验，2年以上互联网系统架构经验；\n2、精通JAVA开发，具有分布式系统分析与架构设计实践经验，主导过至少一个百万级高并发系统的设计实现到线上稳定运行；\n3、高并发、高性能数据处理系统有丰富经验；\n4、具备良好的系统分析能力、抽象思维能力，能结合业务场景抽象业务模型，独立分析和解决复杂问题；\n5、擅于沟通和解决问题，乐于总结分享，有想法，有冲劲，有团队精神和主人翁意识和责任感；\n6、对技术充满热情且极具钻研精神，对新技术以及行业动向保持敏感性；\n\n符合以下任一条件者优先\n1、有微服务架构治理经验优先；\n2、有hadoop、hive、spark等大数据分析系统经验优先；\n3、企业SAAS服务服务开发架构经验优先；\n4、有项目管理经验者优先考虑；', '0', '[1010000,1000020,100101]', '深圳市惟客数据科技有限公司 ', 'd8c73029-ebfc-47b1-8ca0-9fbe87b47ee2', '深圳市南山区粤海街道海珠社区海德三道199号天利中央商务广场3106-3111（3106、3108、3109、3110） \n', '{\"lng\":113.949797,\"lat\":22.524569}', '101280000', '广东', '4', '6');
INSERT INTO `postlist` VALUES ('345574b9-b4cd-4d7b-8cd4-3d0aad355070', '人工智能训练师', '3-6K', '4.5', '标注员：\n1、为人工智能算法标注训练数据，以语音、图片、文本为主。\n2、快速掌握标注规则，独立完成公正、客观、准确的标注工作。\n3、完成AI场景下不同的视频、音频、图像等多种数据类型的评估标注工作，保证数据产出、准确率。\n项目组长：\n1、负责规则培训、答疑，数据的沟通、整理、分发、结果总结等。\n2、对现有评估方法和数据结果进行深入思考和分析，定期进行总结，提出优化建议，促进业务迭代升级。\n二、任职要求：\n1、 统招专科及以上学历，男女不限、年龄20~30岁\n2、 有语音、图像、视频等数据标注经验的优先。\n3、 熟练使用office，能够利用Excel进行基础的数据统计。\n4、 踏实、细致、有稳定的工作效率和成果输出，能在约定时间内完成工作任务。\n5、 对数据敏感，热爱人工智能行业。\n6、 良好的沟通能力和团队协作能力，工作保质保量，工作积极主动。\n三、薪资待遇：\n1、 综合工资2500-6000（底薪+提成+奖金）。\n2、 晋升路线：标注员-质检员-项目组长-项目经理。\n3、 工作时间：8:30-17:30，提供住宿，在职满1年享受带薪年假。\n4、 员工生日party，每年1~2次集体主题旅游。\n四、其他信息：\n1、 工作地址：武清区创业总部基地B29号楼‘蚂蚁雄兵’\n2、 联系电话：*********** 白老师 \n3、 简历请投递邮箱 *************', '0', '[1010000,1000130,130121]', '蚂蚁雄兵（天津）科技发展有限公司 ', 'd8e51b08-ac78-48d3-83d2-e060bc8644a3', '天津市武清开发区福源道北侧创业总部基地B29号楼101室 \n', '{\"lng\":117.055342,\"lat\":39.414382}', '101030000', '天津', '3', '0');
INSERT INTO `postlist` VALUES ('3e5c8790-d5a9-4e5a-887b-069ee414388a', '运营分析主管', '4-5K', '4.5', '岗位职责：\n1、负责收集公司各项目部合同文件，并做整理归档；\n2、梳理公司各项目合同内容的关键指标并进行分类汇总，发现异常指标及时上报上级领导；\n3、按要求完善各项合同管理系统内容；\n4、优化合同管理模板库，以供各项目部调阅查询；\n5、数据分析的相关工作\n6、能够独立完成部门行政工作。\n\n任职要求：\n1、年龄25-35岁；\n2、本科以上学历，统计学、计算机、财务等相关专毕业；\n3、熟练掌握Office办公软件及数据分析工具的使用；\n4、具备较强的执行力，思维敏捷，接受能力强，能够独立思考，善于总结经验；\n5、大型连锁企业任职优先考虑。', '0', '[1040000,1000270,130305]', '大同市东兴鼎昊酒店管理有限公司 ', '0e2e1e30-323b-40db-867d-f11664c4d80f', '山西省大同市平城区迎宾街道云中路金地福苑9号楼7号商铺三层（一照多址）', '{\"lng\":113.288365,\"lat\":40.075966}', '101100000', '山西', '4', '4');
INSERT INTO `postlist` VALUES ('42650d43-9236-4df4-b4a0-00697b4ceaa7', '人工数据标注实习生（包住宿）', '3-4K', '3.5', '要求：男女不限20-26岁，公司大量扩招\n实习生、应届毕业生、毕业生，大专以上学历，综合工资3000-6000元；五险\n工作内容：图文标注，语音标注，文本标注；\n晋升路线：标注员-质检员-项目组长-项目经理\n工作时间：8:30-17：30，上六休一，在职满1年员工享受带薪年假\n每年公司组织1到2次集体旅游；\n\n公司地址：武清开发区创业基地B29号楼蚂蚁雄兵\n欢迎您的加入！', '0', '[1010000,1000130,130121]', '蚂蚁雄兵（天津）科技发展有限公司 ', 'd8e51b08-ac78-48d3-83d2-e060bc8644a3', '天津市武清开发区福源道北侧创业总部基地B29号楼101室 \n', '{\"lng\":117.055342,\"lat\":39.414382}', '101030000', '天津', '3', '0');
INSERT INTO `postlist` VALUES ('43bc7677-466c-44ec-8298-e517ea6800ba', '资深大数据运维工程师', '35-50K·15薪', '53.125', '资深大数据平台工程师/大数据运维工程师：\n【岗位描述】 \n1. 负责公司大数据平台维护；\n2. 包括但不限于hdfs、yarn、hive、flink、spark、dolphinscheduler等大数据感觉日常维护，如规划、部署、监控及优化等。\n3. 对大数据平台的日常运维管理，集群日常巡检、容量评估、扩容及优化等\n4. 处理大数据平台日常的故障，并对其根因分析及日常风险控制\n5. 熟悉linux系统，熟悉掌握shell、python等，推动大数据运维的自动化工作，提高运维效率\n\n【任职要求】 \n1. 计算机相关专业本科以上学历；\n2. 熟悉hadoop体系架构，熟悉hdfs、yarn、hive、flink、spark工作原理，熟悉源码优先；\n3. 3年以上大数据运维工作经验，有大规模管理集群经验优先；\n4. 具备良好的沟通、承压能力，善于思考，持续学习；\n5. 具备linux系统操作能力，熟悉k8s docker容器化优先；\n6. 具体java/python/shell语言项目开发能力', '0', '[1010000,1000050,100401]', '树根互联股份有限公司 ', '0f638e14-1d9c-4021-822c-d8b5a2168951', '广州市海珠区华洲路190号5栋整栋1-3层（仅限办公） \n', '{\"lng\":113.350669,\"lat\":23.080336}', '101280000', '广东', '4', '6');
INSERT INTO `postlist` VALUES ('44b31353-7409-42aa-8577-bf070a703da8', '前端开发工程师（零售事业部）', '10-15K', '12.5', '岗位职责:\n1、全流程参与新零售产品概念，架构设计，技术选型，核心代码编写，运维、性能调优；\n2、指导、培训初中级开发工程师，帮助故障排查，调试；\n3、协助业务方梳理业务需求，提供业务规划方案、架构设计方案， 并能根据方案展开研发工作。\n任职资格:\n1、 熟悉Ajax,JavaScript,XML,DOM，深入理解w3c web标准，兼容多种浏览器前端开发；\n2、 至少熟悉一种前端框架，如react，Vue；\n3、 具备良好的沟通表达能力和团队协作精神，有较强的责任心，执行力，并具备一定的抗压能力；\n4、 有移动端性能优化，小程序，公众号开发经验优先考虑；\n5、 有react-native & weex 项目实战经验优先考虑；\n6、 taro等小程序项目实践经验优先考虑；\n7、 对react有深入了解优先考虑。', '0', '[1010000,1000030,100901]', '深圳市惟客数据科技有限公司 ', 'd8c73029-ebfc-47b1-8ca0-9fbe87b47ee2', '深圳市南山区粤海街道海珠社区海德三道199号天利中央商务广场3106-3111（3106、3108、3109、3110） \n', '{\"lng\":113.949797,\"lat\":22.524569}', '101280000', '广东', '3', '5');
INSERT INTO `postlist` VALUES ('47593f3a-7079-432a-8a8d-99e7222b6b64', '后台研发工程师', '20-40K·16薪', '20', '工作职责:\n1.负责如流知识管理产品相关业务需求研发工作\n2.跟进系统架构设计和技术方案选型\n3.跟进架构稳定性, 性能优化, 架构升级等优化工作\n4.根据整体技术方案完成高质量的开发, 自测及项目文档编写\n职位要求:\n1.本科及以上学历, 计算机相关专业, 两年以上软件开发工作经验\n2.对后台开发有浓厚的激情, 热爱编程, 具有后台Server架构设计, 开发及性能调优能力\n3.熟悉Unix/Linux操作系统, 精通Golang/Java/Python/C++语言中的一种或多种, 熟悉面向对象开发方法和常用设计模式\n4.拥有良好的计算机基本功, 对操作系统, 计算机网络, 数据库, 数据结构算法扎实掌握\n5.有较强的责任感, 逻辑思维能力, 沟通协作能力和抗压能力', '0', '[1010000,1000020,100199]', '百度在线网络技术（北京）有限公司 ', '490268ed-9f9a-4543-86be-07ba13225f31', '北京市海淀区上地十街10号百度大厦三层 \n', '{\"lng\":116.307832,\"lat\":40.056848}', '101010000', '北京', '4', '5');
INSERT INTO `postlist` VALUES ('47612518-6450-417b-8124-db909b529f7c', '软件测试工程师', '6-8K·13薪', '7.583', '职位职责描述：\n\n1.跟踪项目需求，参与需求评审，了解需求设计细节；\n\n2.负责项目的测试工作，根据需求制定测试计划，跟踪项目进度；\n\n3.负责测试分析、用例设计、测试执行，定期汇报项目进展情况，对测试流程进行改进；\n\n4.负责对测试中发现的问题进行分析定位和跟踪报告，推动测试中发现的问题得到及时合理的解决；\n\n5.负责产品和项目进度的跟踪，协助研发做好产品版本的迭代和发布，保证项目顺利推进，有质量发版；\n\n6.维护、执行测试用例，跟踪产品bug。\n\n职位要求：\n\n1.专科及以上学历，计算机及相关专业，2年以上软件测试工作经验；\n\n2.具备软件工程和测试方面的理论知识，熟悉软件测试的基本方法、流程和规范，熟悉测试管理工具；\n\n3.熟悉Linux操作系统及脚本语言，能够编写Shell、Python脚本；\n\n4.熟悉常用关系型数据库Oracle、MySql、PostgreSQL之一，能熟练编写SQL语句；\n\n5.了解常用的自动化测试框架和性能测试工具，如Robot Framework、Postman、JMeter等；\n\n6.具备优秀的分析能力和定位问题的能力，快速学习和协同落地能力强，有团队精神；\n\n7.具备良好的沟通、学习和自我驱动的能力。', '0', '[1010000,1000040,100301]', '成都房联云码科技有限公司', '13238cdd-f834-4f5a-8ef7-fab59c5126c8', '中国（四川）自由贸易试验区成都高新区天华二路219号12栋4层 \n', '{\"lng\":104.079212,\"lat\":30.546202}', '101270000', '四川', '3', '4');
INSERT INTO `postlist` VALUES ('4ae3af26-5497-407f-8114-daa3a905476a', '数据科学家', '35-45K·17薪', '56.67', '岗位职责：\n1. 以数据驱动的方式，通过机器学习/数据分析/建模，制定多个重要方向的业务量化策略，并推动策略落地；\n2. 结合业务需求，持续优化策略；\n3. 负责策略实验评估，迭代策略评估方法论。\n \n任职资格要求：\n1. 3年及以上工作经验；\n2.数学/计算机/运筹学/金融工程/EE等相关专业本科以上学历，有机器学习背景； \n3.优秀的模型基础，良好的SQL/Python/Excel/PPT等工具应用能力，有数据结构和计算机算法背景优先考虑；\n4.扎实的数学基础，包括概率/统计/代数/优化等； \n5.良好的跨部门沟通协作能力、良好的业务理解能力、较强的抗压能力、多任务处理能力和自驱力。', '0', '[1010000,1000130,100104]', '北京嘀嘀无限科技发展有限公司 ', '19c4da36-adb4-4e4d-87ec-7d87da90e9d8', '北京市海淀区唐家岭北环路6号院1号楼A座三层303 \n', '{\"lng\":116.281873,\"lat\":40.074097}', '101010000', '北京', '5', '5');
INSERT INTO `postlist` VALUES ('4fc4f32b-36ff-4a5f-802c-700760059aa9', '实施工程师', '6-10K', '8', '1.负责项目实施全过程管理，制定项目计划，执行项目准备，执行需求调研、推动产品高品质按时交付上线，基于解决方案为客户创造价值。\n2.项目用户培训、解决问题，总结项目过程知识，项目文档及培训教材编写。\n3.不断学习新产品，通过模式创新、制度创新、方法创新、技术创新提高工作绩效。能够团队和一，共同成长，共同成就事业。\n职位要求：\n1.本科计算机相关专业。\n2.具有Java开发经验。\n3.能接受长期出差，一般项目周期为一个月。\n4.需要对网络，服务器等知识有基础的了解，可以熟练操作oracle，sqlserver等数据库。\n5.具有较强的表达、沟通、协调、组织能力，具有较强的项目协作能力、团队协作意识、创新服务意识，积极主动完成各项工作。', '0', '[1010000,1000070,100606]', '山西域亨科创科技有限公司 ', '8ed368e5-1d5f-4f20-87ce-4796fb32c994', '山西省大同市开发区上海漕河泾大同国际创新创业园1454号 \n', '{\"lng\":113.368395,\"lat\":40.104995}', '101100000', '山西', '4', '4');
INSERT INTO `postlist` VALUES ('521043cf-6f84-4146-9089-2de1f9975008', 'JAVA', '5-9K', '7', '岗位职责：\n1.根据产品需求，进行后端开发和维护测试。\n2.在产品开发过程中，配合实施团队，确保方案落地。\n任职要求：\n1.熟练使用spring boot和spring cloud，了解其工作原理。理解spring的IOC,AOP原理。\n2.掌握my sql、Oracle、sql server至少一种。\n3.熟悉OA者优先', '0', '[1010000,1000020,100101]', '山西域亨科创科技有限公司 ', '8ed368e5-1d5f-4f20-87ce-4796fb32c994', '山西省大同市开发区上海漕河泾大同国际创新创业园1454号 \n', '{\"lng\":113.368395,\"lat\":40.104995}', '101100000', '山西', '3', '5');
INSERT INTO `postlist` VALUES ('5c037a18-9156-4354-8f35-0619b9d0a89d', 'C++ 高级研发工程师', '25-30K·15薪', '34.375', '团队介绍\n百度工程效率部（EE）是致力于打磨先进的研发工具链产品，推动百度研发工程效率的提升，实现万人以上规模的协同开发，包括万人规模的企业代码管理、评审工具集（类似GITHUB，GITLAB），持续集成系统，分布式编译系统，DevOps工具，项目管理平台，敏捷开发管理平台等\n编译工具团队是隶属于部门的编译系统研发方向团队，历时五年研发的C++分布式编译系统，支撑了百度95%C++模块、每日数十万次构建， 编译速度提升10倍；统一了百度C++模块的构建规范，让百度200多个部门，1000多条产品线的协同开发有序开展。\n我们聚焦提升百度研发工程能力，致力于打造高效、易用的研发基础设施,  包括不限于高性能编译器(GCC8, LLVM)，升级百度C++研发模式，分布式UT平台等\n我们的工作充满了技术挑战，如果你对GCC工具链、分布式开发、高并发调度，高性能分布式文件系统、研发工程能力有深刻见解，那你就是我们期待的候选人\n如果你工程能力出色，对代码质量, code review 有很高的品位，那你就是我们期待的候选人\n\n职责\n- 作为工程师，承担分布式构建系统相关的功能开发，对相关功能、体验的问题，进行改进完善，不断提升系统的效率和稳定性\n- 与其他工程师进行配合研发，通过高标准的代码评审、设计评审等环节，保持代码质量、系统架构的稳定可靠\n- 追踪工业界编译器、分布式构建系统、工程能力领域相关最前沿的理念、技术、产品，致力于让百度用上最先进的研发工具\n环境\n- 编程语言主要是C++, Python和Golang, 三门语言要求熟练掌握\n- 团队对代码质量要求严格，拥有对质量和可维护性绝不妥协的信念。所有代码必须有同行进行评审，不定期进行架构、设计、代码的分享与讲解\n- 团队拥有高度可复用的研发工具流程，包括代码检查、项目调试、系统构建、部署等功能，可一键完成相关工作，无需耗费大量精力在重复性劳动上\n- 具备可执行的培训机制，包括入职后的基本技术能力培训、工作过程中导师1对1的辅导跟进，以及团队持续的分享与培训，也可通过提出主题来获得他人的分享\n要求\n- 计算机相关专业，三到五年工作经验年，希望换工作不要太频繁\n- 熟悉使用GCC 工具集，对C++语言编译有深入理解\n- 精通C++，golang，python等开发语言，对数据结构和基本算法有深刻理解\n- 熟练使用linux系统是最低要求\n- 对网络编程、多线程编程、分布式系统高可用性设计有丰富的开发实战经验者优先考虑\n- 了解开源分布式编译系统例如distcc, bazel等优先考虑\n- 优秀的分析和解决问题的能力，主动工作，有担当', '0', '[1010000,1000020,100102]', '百度在线网络技术（北京）有限公司 ', '490268ed-9f9a-4543-86be-07ba13225f31', '北京市海淀区上地十街10号百度大厦三层 \n', '{\"lng\":116.307832,\"lat\":40.056848}', '101010000', '北京', '4', '6');
INSERT INTO `postlist` VALUES ('6075fed3-72c1-43b3-8257-aa96fd46f815', '增长算法工程师', '35-65K·15薪', '62.5', '岗位职责\n1、负责智能化预算分配策略制定、用户全生命周期的增长链路转化，优化拉新，提频、召回效率及ROI。持续优化补贴投放模型及策略，内投/外投模型及策略。\n2、负责用户画像挖掘，应用机器学习、深度学习算法，挖掘用户的敏感度、LTV等，优化补贴投放ROI\n3、负责建模流程优化，提升模型开发和部署效率，降低模型维护成本\n4、研究前沿机器学习算法在领域的实践和应用\n\n岗位要求\n1、数学或计算机专业本科及以上学历，熟练掌握机器学习、深度学习等方向理论和应用\n2、熟练掌握Python/Java/Scala等建模语言，熟练使用SQL/Hive/Spark/Flink等数据统计工具；\n3、2年以上互联网公司的数据挖掘或机器学习的工作经历\n4、优秀的分析和解决问题的能力，对挑战性问题充满激情\n5、抗压能力强，积极主动，自驱力强，沟通良好，有团队协作精神；\n\n优先考虑\n1、有用户增长相关工作经验\n2、在相关国际顶级会议上有论文发表或深入研究经历\n3、在算法比赛(kaggle/acm/kdd cup等)取得靠前名次', '0', '[1010000,1000130,100120]', '北京嘀嘀无限科技发展有限公司 ', '19c4da36-adb4-4e4d-87ec-7d87da90e9d8', '北京市海淀区唐家岭北环路6号院1号楼A座三层303 \n', '{\"lng\":116.281873,\"lat\":40.074097}', '101010000', '北京', '4', '5');
INSERT INTO `postlist` VALUES ('6b67211b-63f4-4e62-9828-eca0f70ed98f', '高级数据架构师（地产事业部）', '20-30K', '25', '岗位职责:\n1、分析业务目标达成需要的数据支撑，并搭建数据模型和架构；\n2、通过数据探索和模型的输出等发现业务问题，进行深入分析，规划数据挖掘模型和解决方案；\n3、进行数据定义、数据逻辑、数据血缘关系设计；指导模型开发，与开发工程师一起完成算法和模型固化和并行等；\n4、进行数据探索、选择和实现数据挖掘算法、对算法和模型进行优化；\n5、能够将通过数据分析和建模的数据结果，指导业务的使用，促进业务改进。\n任职资格:\n1、要求本科及以上学历，计算机等相关专业，大学英语4级以上；\n2、具有5年以上数据仓库项目实施经验和数据模型设计经验，对数据仓库的设计进行需求调研，并设计数据仓库分层架构，仓库分层规范，设计规范；\n3、熟悉hadoop、oracle、DB2、sybaseIQ等的数据库语法/操作，并具有5年以上使用或项目实践经验；\n4、熟练使用shell，python，perl等脚本语言；\n5、具备大数据应用需求分析能力及数据库基础知识；\n6、具有金融方向大数据/经分/BI项目实施经验；\n7、能适应较长时间的出差。', '0', '[1010000,1000060,100512]', '深圳市惟客数据科技有限公司 ', 'd8c73029-ebfc-47b1-8ca0-9fbe87b47ee2', '深圳市南山区粤海街道海珠社区海德三道199号天利中央商务广场3106-3111（3106、3108、3109、3110） \n', '{\"lng\":113.949797,\"lat\":22.524569}', '101280000', '广东', '4', '6');
INSERT INTO `postlist` VALUES ('70378139-61c9-4dad-8caa-06991234bd45', '高级运维架构师', '18-19K·15薪', '21', '工作职责：\n1. 参与混沌工程及DevOps全链路技术研究，打造高效稳定的运维体系\n2. 负责日常K8S平台及中间件的运维工作中疑难问题的分析和解决\n3. 参与对K8S集群周边生态的技术研究，能利用相关组件进行开发工作\n4. 致力于自动化运维平台建设，不断推动基础设施标准化和自动化\n任职资格：\n1. 本科及以上学历，有K8S实际落地项目经验\n2. 精通K8S集群基本概念和原理，深入了解实现机制，能从代码层面对问题进行排查和分析\n3. 熟悉Unix/Linux操作系统，掌握shell/python等脚本语言\n4. 了解云原生架构，有云上架构、搭建业务系统的经验及方法论\n5. 具有Go开发经验者优先，具有operator开发经验者优先\n6. 思维活跃，逻辑清晰，善于思辨和抽象，具备良好的沟通表达和团队协作能力\n7. 自我驱动力强，有强烈的事业心和责任感，结果导向，具备良好的协调推动能力和抗压能力', '0', '[1010000,1000050,100401]', '树根互联股份有限公司 ', '0f638e14-1d9c-4021-822c-d8b5a2168951', '广州市海珠区华洲路190号5栋整栋1-3层（仅限办公） \n', '{\"lng\":113.350669,\"lat\":23.080336}', '101280000', '广东', '4', '6');
INSERT INTO `postlist` VALUES ('70f057a3-d061-4d0e-8049-5beed075845c', '信息安全工程师', '10-15K', '12.5', '岗位职责：\n管理方向：\n1.负责公司信息安全管理体系规划、建设、持续改进，促进信息安全管理政策和标准的推行落地,保障网络、系统与数据安全。\n2.负责公司信息安全合规性监管管理（风险评估、安全管理评审、安全监督检查、安全内外部审计），跟踪发现问题整改。\n3.负责公司护网、重保活动组织和策划、等级保护测评工作，确保符合监管合规要求。\n4.负责对公司软件SDLC开发生命周期流程安全管理、审查、评审监督。\n5.负责应急安全管理，协调信息安全事件处理并将公司重大信息安全事件上报监管部门，以及协助重大信息安全事件调查。\n6.负责公司信息安全培训和宣传活动、咨询。\n技术方向:\n1.负责公司信息安全技术规范、标准和管理制度的制定和完善。\n2.负责公司软件服务产品、关键资产定期安全渗透测试、漏洞检测、风险评估，组织漏洞分析排查、跟踪风险漏洞整改，配合相关岗位完成系统加固。\n3.负责公司日常安全运营管理，相关安全设备进行建设、运维、安全监控、告警事件研判分析并进行响应处置。\n4.负责公司重大入侵事件、重大漏洞响应，负责制定重保时期的安全保障方案，协助重大信息安全事件调查。\n5.负责对公司软件SDLC开发生命周期流程提供安全技术审查、追踪、落实安全技术风险整改。\n6.负责落实集团公司、内外部监管部门要求的信息安全相关工作内容。\n7.负责公司信息安全培训和宣传活动、咨询。\n任职要求：\n管理方向：\n1.软件工程、计算机、信息安全等相关专业专科及以上学历；3年以上信息安全管理相关工作经验；\n2.熟悉应用系统开发生命周期安全管理SDLC；了解常见的安全漏洞及防护方式，如OWASP Top10等；\n3.熟悉信息安全相关标准及规范；\n4.对网络安全等级保护、护网有一定了解和经验；\n5.良好的项目管理经验及沟通协调能力,善于沟通和文档写编，结果导向，富有团队合作精神；\n6.有CISA/CISSP/CISP相关信息安全认证者优先考虑；\n技术方向：\n1.软件工程、计算机、信息安全等相关专业，专科及以上学历；至少3年以上信息安全技术经验；\n2.熟悉主流的Web安全漏洞，如SQL注入、XSS、CSRF、文件包含/上传的基本原理及其利用等；\n3.熟练使用常见的的渗透测试工具，如SQLMAP、Burpsuite、AWVS、kali等，能够以手工或结合工具的方式对相关应用进行安全测试；\n4.为人正直、诚恳，有上进心和责任心，学习能力强，具备良好的团队协作沟能力，热衷渗透和漏洞挖掘；\n5.具有丰富的实战经验可独立完成渗透测试工作。\n6.具备较强的责任心、逻辑思维能力, 善于沟通和团队合作，勇于创新和接受挑战，有抗压能力；\n7.有为政务机构提供信息安全工作服务经验优先；\n8.有扎实的信息安全理论基础，自学能力强；拥有CISP、CISP-PTE、CISP-A、CISSP、CCSP、Security+等安全证书者优先。\n\n', '0', '[1010000,1000050,100407]', '成都房联云码科技有限公司', '13238cdd-f834-4f5a-8ef7-fab59c5126c8', '中国（四川）自由贸易试验区成都高新区天华二路219号12栋4层 \n', '{\"lng\":104.079212,\"lat\":30.546202}', '101270000', '四川', '4', '5');
INSERT INTO `postlist` VALUES ('71be0d85-c5a5-4221-8a62-800d8ef6dc6c', 'iOS开发工程师', '28-55K·16薪', '55.33', '岗位职责：\n-负责iOS App开发及维护；\n-参与需求评审，评估技术可行性且给予技术方案；\n-优化iOS App性能，提升用户体验；\n-负责项目重构和组件化，编写技术文档；\n-拥有良好的编码风格和技巧，对设计模式有很好的认知。\n任职要求：\n-计算机及相关专业，本科及以上学历；\n-扎实的OC/Swift编程基础；\n-熟悉iOS系统架构，熟悉各底层框架并引用到实际项目中； \n-有强的学习，沟通及团队协作能力；', '0', '[1010000,1000030,100203]', '百度在线网络技术（北京）有限公司 ', '490268ed-9f9a-4543-86be-07ba13225f31', '北京市海淀区上地十街10号百度大厦三层 \n', '{\"lng\":116.307832,\"lat\":40.056848}', '101010000', '北京', '4', '5');
INSERT INTO `postlist` VALUES ('71cda595-9e7e-474d-87ee-caf265e131f7', '高级研发工程师', '20-40K·15薪', '37.5', '职位描述\n1、负责滴滴外卖商家业务的需求开发，在充分理解商家业务的基础上进行需求分析、设计、开发、上线等工作；\n\n2、负责相关核心微服务的设计和实现，充分理解业务的发展方向和未来的技术挑战，并作出提前设计和规划；\n\n3、学习研究业界先进技术，保持技术进步。\n\n任职要求\n1、本科及以上学历，计算机相关专业，一年以上后端研发经验；\n\n2、深入理解计算机原理，有扎实的数据结构和算法基础；\n\n3、深入理解linux系统及其原理，熟悉TCP/IP、HTTP协议以及网络编程；\n\n4、良好的编码和文档习惯，注重代码风格，熟悉各种设计模式和原则，能持续关注和优化自己负责的项目；\n\n5、熟悉Go、PHP至少一门语言，有Go开发经验者优先；\n\n6、熟悉常用的互联网技术，包括但不限于MySQL、NoSQL、RPC、MQ、缓存技术、微服务架构等；\n\n7、具有分布式系统设计和开发经验者优先。', '0', '[1010000,1000120,100701]', '北京嘀嘀无限科技发展有限公司 ', '19c4da36-adb4-4e4d-87ec-7d87da90e9d8', '北京市海淀区唐家岭北环路6号院1号楼A座三层303 \n', '{\"lng\":116.281873,\"lat\":40.074097}', '101010000', '北京', '4', '0');
INSERT INTO `postlist` VALUES ('72cda434-982c-4658-b000-7daeff213542', '大数据架构专家', '50-70K·16薪', '80', '职责描述：\n 1、负责百万级设备连接的高并发低延迟实时计算系统架构设计； \n2、优化和改进核心链路性能，提升全链路系统稳定性； \n3、设计合理的业务和技术架构方案，并推进方案的落地 ； \n4、研发和迭代基础服务组件，解决共性需求，设计架构方案能够承载百万级设备运转 ； \n任职要求： \n1、有大型的基础架构领域或大数据基础设施设计和研发落地经验；\n2、开发过MQ、RPC等基础设施，对 Kafka 原理，架构原理非常熟悉，有各种调优经验。\n3、熟练掌握 Flink 实时计算系统原理，架构，代码，有性能调优经验。\n4、对时序型数据存储或数据库的原理有深入研究，大数据存储架构原理，有对应的优化经验。\n5、熟悉业务架构设计理论，熟悉行业常见的架构方案； \n6、熟悉IO、多线程及并发技术，熟悉计算机网络基础、掌握常见的开源中间件的原理与实践；\n7、精通 Java，能够熟练使用多种编程语言。\n8、扎实的技术基础，熟悉性能、可用性、伸缩性、扩展性、安全性、运维监控、集成发布等； \n9、积极乐观，责任心强，工作认真细致，具备良好的服务意识，具有良好的团队沟通与协作能力；', '0', '[1010000,1000060,100104]', '树根互联股份有限公司 ', '0f638e14-1d9c-4021-822c-d8b5a2168951', '广州市海珠区华洲路190号5栋整栋1-3层（仅限办公） \n', '{\"lng\":113.350669,\"lat\":23.080336}', '101280000', '广东', '4', '6');
INSERT INTO `postlist` VALUES ('750bd86d-faf3-43fb-ae1f-9c7ff1029aaa', '高级数据分析师', '25-30K·15薪', '34.375', '工作职责：-通过对数据的敏锐洞察以及定性和定量分析，产出专业研究报告，挖掘商业增收机会\n岗位要求：\n①统计学、数学、经济学等相关专业，扎实的机器学习或数据挖掘理论和技术基础，熟悉常用数据统计和分析方法\n②具有相关领域较深入的技术应用的经验和能力，有互联网数据分析经验\n③至少熟练使用R、SQL、SAS、MATLAB、PYTHON中的一种，熟练掌握SQL\n④良好的沟通能力、团队合作精神、工作规划能力和主动意识，对数字敏感，热爱数据分析工作', '0', '[1010000,1000060,100511]', '百度在线网络技术（北京）有限公司 ', '490268ed-9f9a-4543-86be-07ba13225f31', '北京市海淀区上地十街10号百度大厦三层 \n', '{\"lng\":116.307832,\"lat\":40.056848}', '101010000', '北京', '5', '5');
INSERT INTO `postlist` VALUES ('79994936-3145-4c68-a2e4-4dcfde0e64b4', 'c++', '20-30K', '25', '学历要求：\n【2024届应届生，985/211/双一流/QS前100名校硕士毕业生优先考虑】\n计算机科学、软件工程、通讯工程或相关领域硕士以上学位\n\n相关经验：\n① C++编程相关的开发经验；\n② 熟悉基本数据结构与算法、熟练掌握C/C++，了解包括内存管理、指针、多线程、C++类与对象等相关知识，熟悉windows/linux平台下的编译与代码调试方法；\n③ 了解面向对象与设计模式，能够结合模型设计出UML图；\n④ 能够借助工具进行代码性能瓶颈分析，优化代码运行效率；\n⑤ 有过运筹优化算法或项目后台开发经验者优先。', '0', '[1010000,1000020,100102]', '树根互联股份有限公司 ', '0f638e14-1d9c-4021-822c-d8b5a2168951', '广州市海珠区华洲路190号5栋整栋1-3层（仅限办公） \n', '{\"lng\":113.350669,\"lat\":23.080336}', '101280000', '广东', '4', '2');
INSERT INTO `postlist` VALUES ('7ee1b693-9a53-4ea0-8b9c-9941e5e9e2a8', '网络安全工程师', '3-5K', '4', '要求：1、大专以上学历，计算机相关专业；2、具有基础网络技术，熟悉华为、H3C、锐捷等厂商网络设备的基本配置调试；3、熟悉常见操作系统、数据库、中间件的安装和配置；4、对业界主流网络安全厂商的产品有深入了解，精通主流网络安全产品的配置和使用；对防火墙、防毒墙、IPS、IDS、WEB应用防护、抗DDOS、VPN、网闸、上网行为管理、安全审计等产品的原理及处理机制有深入理解；5、熟悉网络安全技术：包括访问控制、权限管理、漏洞扫描、渗透测试、入侵和攻击分析追踪、病毒木马防范等，熟悉常见的攻击手段及应对方法；6、具备网络安全服务能力，针对客户新建或现有网络信息系统，能够提供合理的网络安全建设或整改解决方案，能够提供网络安全风险评估和安全加固服务，能够在出现网络安全事件时为客户提供应急处理服务；具有实际重大安全攻击事件处理经验者优先；7、能够熟练使用OFFICE办公软件；8、善于表达沟通，诚实守信，责任心强，具有良好的团队协作精神；9、拥有CISP、CISSP、网络安全等级测评师等中级以上认证者优先。', '0', '[1010000,1000050,100407]', '大同市华立科技有限责任公司 ', 'fe2d3f1b-b6d6-4e30-8397-a763710b3a42', '山西省大同市平城区迎宾街道348号大有广场9C \n', '{\"lng\":113.309352,\"lat\":40.081582}', '101100000', '山西', '3', '5');
INSERT INTO `postlist` VALUES ('80e1883d-1c1c-4e36-a763-712a2f227373', '产品经理', '15-16K', '15.5', '调研高效的工作沟通协作方法或工具，并抽象用户需求\n\n', '0', '[1020000,1000160,110101]', '北京嘀嘀无限科技发展有限公司 ', '19c4da36-adb4-4e4d-87ec-7d87da90e9d8', '北京市海淀区唐家岭北环路6号院1号楼A座三层303 \n', '{\"lng\":116.281873,\"lat\":40.074097}', '101010000', '北京', '4', '4');
INSERT INTO `postlist` VALUES ('905f360f-bb6e-4815-a8dd-acf9f0d3c269', '品牌宣传部长', '7-10K', '8.5', '职位描述：\n1、制定企业品牌及产品宣传计划，整合各种媒体资源，建立起完善的企业宣传平台；\n2、组织安排各种产品宣传资料的策划、撰写及制作，推动产品宣传工作有序发展；\n3、组织策划搭建公司的网络宣传平台，做好网络宣传的日常建设和维护，提升公司网络知名度；\n4、推动信息渠道建设，确保提供新鲜、及时的信息，满足公司媒体宣传需求；\n5、推动企业文化建设，完善视觉体系及理念行为体系内容，打造个性化品牌形象；\n6、组织制定、完善本部门的各项规章制度和工作流程，并监督实施和执行；\n7、完成上级交办的其他工作\n任职要求：\n1、本科及以上学历，广告设计、新闻传播、中文类等相关专业；\n2、3年以上工作经验，2年以上相关工作经验；\n3、熟悉行业相关知识，了解企业文化建设，品牌宣传相关知识；\n4、具备宣传策划和文案写作能力，信息搜集与网络应用能力，保证公司信息平台的正常运行。', '0', '[1050000,1000320,140203]', '大同市东兴鼎昊酒店管理有限公司 ', '0e2e1e30-323b-40db-867d-f11664c4d80f', '山西省大同市平城区迎宾街道云中路金地福苑9号楼7号商铺三层（一照多址）', '{\"lng\":113.288365,\"lat\":40.075966}', '101100000', '山西', '4', '4');
INSERT INTO `postlist` VALUES ('953fd2d4-e1bc-41f5-901c-e7341f2d6ae2', 'C++应届生（三一集团）', '20-25K·15薪', '28.125', '【2024届应届生，985/211/双一流/QS前100名校硕士毕业生优先考虑】\n① C++编程相关的开发经验；\n② 熟悉基本数据结构与算法、熟练掌握C/C++，了解包括内存管理、指针、多线程、C++类与对象等相关知识，熟悉windows/linux平台下的编译与代码调试方法；\n③ 了解面向对象与设计模式，能够结合模型设计出UML图；\n④ 能够借助工具进行代码性能瓶颈分析，优化代码运行效率；\n⑤ 有过运筹优化算法或项目后台开发经验者优先', '0', '[1010000,1000020,100102]', '树根互联股份有限公司 ', '0f638e14-1d9c-4021-822c-d8b5a2168951', '广州市海珠区华洲路190号5栋整栋1-3层（仅限办公） \n', '{\"lng\":113.350669,\"lat\":23.080336}', '101280000', '广东', '4', '2');
INSERT INTO `postlist` VALUES ('9e555aa2-a711-4f91-a55a-178b8a246062', '开发实施工程师', '5-9K', '7', '1.熟练掌握Java EE；\n2.熟悉Spring、Hibernate、MyBatis等应用框架；\n3.熟练使用Eclipse，Idea等IDE工具进行开发；\n4.具有良好的SQL语句编写能力，熟悉MySQL、Oracle、SQL Server等数据库；\n5.熟练使用git等代码管理工具；\n6.有OA、BPM相关项目经验者、有业务流程实施经验者；\n7.有一年以上开发经验。\n8.可以接受出差', '0', '[1010000,1000070,100606]', '山西域亨科创科技有限公司 ', '8ed368e5-1d5f-4f20-87ce-4796fb32c994', '山西省大同市开发区上海漕河泾大同国际创新创业园1454号 \n', '{\"lng\":113.368395,\"lat\":40.104995}', '101100000', '山西', '4', '4');
INSERT INTO `postlist` VALUES ('b2a3ba0b-37db-4649-b38a-baa49ef26f65', '人工智能标注师-五险', '3-6K', '4.5', '要求：男女不限20-26岁，公司大量扩招\n实习生、应届毕业生、毕业生，大专以上学历，综合工资3000-6000元；五险\n工作内容：图文标注，语音标注，文本标注；\n晋升路线：标注员-质检员-项目组长-项目经理\n工作时间：8:30-17：30，上六休一，在职满1年员工享受带薪年假\n每年公司组织1到2次集体旅游；\n\n公司地址：武清开发区创业基地B29号楼蚂蚁雄兵\n欢迎您的加入！', '0', '[1010000,1000130,130121]', '蚂蚁雄兵（天津）科技发展有限公司 ', 'd8e51b08-ac78-48d3-83d2-e060bc8644a3', '天津市武清开发区福源道北侧创业总部基地B29号楼101室 \n', '{\"lng\":117.055342,\"lat\":39.414382}', '101030000', '天津', '3', '2');
INSERT INTO `postlist` VALUES ('b36f03b3-0adc-4e84-80dc-9a4ab3a80963', '运维工程师（马鞍山驻场）', '5-7K·13薪', '6.5', '职位要求：\n1、计算机专业专科及以上学历；二年以上计算机行业或智慧房产相关从业经验；部分优秀者可适当放宽；\n2、具备基础的软件产品开发知识，有一定的程序开发或产品经验；\n3、具备基础的数据库知识，有一定的oracle数据库运维或使用经验，熟悉数据库SQL脚本；\n4、熟悉房产管理行业的相关业务知识优先考虑；\n5、良好的沟通协调和业务技能学习能力，能承受较强的工作压力。\n职位描述：\n1、负责对客户单位提供驻场客户服务；\n2、负责收集整理客户需求和相关问题，协调产品研发中心进行优化改造，跟进解决情况和客户反馈；\n3、负责协助运维服务中心、产品研发中心进行产品升级、数据查询及修正、网络排查、问题处理、用户培训等工作；\n4、发现并总结运维服务中的问题，对系统产品和质量提出合理化改进意见。', '0', '[1010000,1000050,100401]', '成都房联云码科技有限公司', '13238cdd-f834-4f5a-8ef7-fab59c5126c8', '中国（四川）自由贸易试验区成都高新区天华二路219号12栋4层 \n', '{\"lng\":104.079212,\"lat\":30.546202}', '101270000', '四川', '3', '4');
INSERT INTO `postlist` VALUES ('c234920d-9dff-48b4-8325-c75dafa51b1e', 'Java开发工程师(外包)', '15-22K', '18.5', '【岗位名称】Java开发工程师(外包)\n【岗位职责】 \n承担一站式充电场站解决方案的设计和开发，保证充电核心交易流程的高效、稳定和安全； \n参与设计系统技术方案，核心代码开发和系统调优，包括核心充电交易流程，政府对接，商户服务等复杂业务后台等模块； \n协调团队成员，控制项目进度和质量，保证项目的成功交付；\n独立解决业务和技术过程中遇到的难题，寻找可行的改进方案并推行落地拿到结果。\n【职位要求】\n本科以上学历，计算机相关专业，3年以上Java开发经验； \n熟悉Java基本语法,熟悉基于java的io、多线程、集合等基础框架；熟悉常用的设计模式；\n具备良好的学习能力，有钻研精神，热爱互联网； \n具备良好的编码能力，具有规范化，标准化的代码编写习惯； \n具有团队合作精神，良好的沟通能力和解决问题的能力； \n性格开朗，积极进取，善于沟通，抗压能力强，工作细致有责任心。', '0', '[1010000,1000020,100101]', '北京嘀嘀无限科技发展有限公司 ', '19c4da36-adb4-4e4d-87ec-7d87da90e9d8', '北京市海淀区唐家岭北环路6号院1号楼A座三层303 \n', '{\"lng\":116.281873,\"lat\":40.074097}', '101010000', '北京', '4', '5');
INSERT INTO `postlist` VALUES ('c4587aa4-e676-47d1-82ca-de6356dc5b69', 'Android 系统中间件 28', '25-50K·15薪', '46.875', '\n负责Android系统环境下，汽车相关Framework & Native 软件开发工作\n设计实现Android Framework Car Service & Automotive HAL 相关组件\n设计和实现MCU-SoC 通信，制定相关私有通信协议\n任职要求:\n\n熟练使用C++ & Java 语言, 熟悉AIDL & HIDL\n熟悉Android Framework, Native 层的开开发, 胜任CarService Vehicle HAL开发\n熟悉Uart & spi & socket 通信\n熟悉整车电子电器架构，熟悉CAN总线及通讯协议\n本科及以上学历\n良好的团队内外部合作意识、沟通能力、推动能力\n主观能动性强，善于阶段性总结并不断学习、精进\n\n加分项:\n有相关DoIP & Some/IP & DDS开发经验\n有相关32960协议开发经验\n有相关整车电源管理开发经验\n有相关整车诊断软件开发经验\n熟悉UDS协议 & DoIP协议经验\n熟悉UDS协议 & DoIP协议 OTA 软件刷写相关功能\n熟悉OTA端云交互协议开发\n熟悉整车OTA软件刷写开发\n熟悉OTA数据传输和校验的信息安全认证机制', '0', '[1010000,1000030,100202]', '北京嘀嘀无限科技发展有限公司 ', '19c4da36-adb4-4e4d-87ec-7d87da90e9d8', '北京市海淀区唐家岭北环路6号院1号楼A座三层303 \n', '{\"lng\":116.281873,\"lat\":40.074097}', '101010000', '北京', '4', '6');
INSERT INTO `postlist` VALUES ('c503715f-391b-4c43-9e42-82f945fd9eff', 'java工程师', '5-6K', '5.5', '工作职责：\n1、负责公司充电桩运营管理平台（新能源行业）的架构设计、研发和维护；\n2、参与设计充电运营平台层与桩设备层间数据交互流程，运营平台层设备信号的数据存储模型，及设备运维系统的架构设计（涉及交易订单、支付、营销、报表、充电桩设备管理等模块）；\n3、参与测试用例编写、完成单元测试和功能测试，bug修复；\n4、不断优化架构性能，推动系统往更高效和稳定的方向发展；\n任职要求：\n1、本科以上学历，有相关工作经验或背景，学历可放宽至大专。3-5年开发经验；\n2、具备扎实的Java基础，精通多线程编程，NIO模型，设计模式；\n3、互联网开发背景，有新能源汽车充换电/能源服务等互联网业务平台经验，熟悉新能源车公共充电业务逻辑优先；\n4、熟练使用Spring boot、MyBatis、Spring Cloud等框架，并对框架原理有一定的了解；\n5、熟练使用MySQL、TiDB的应用开发和性能调优，熟练使用Redis缓存技术；\n6、熟悉Zookeeper、MQ、Netty等各种中间件；\n7、具有高并发，分布式架构项目经验；\n8、有良好的沟通和协调能力，良好的团队合作精神，较强的逻辑分析能力和分析解决能力；', '0', '[1010000,1000020,100101]', '锐华能源（大同）技术有限公司', '6c8a7439-ed12-44f6-be55-a5cc3124236d', '山西省大同市新荣区花园屯镇新荣经济技术开发区企业孵化服务中心北区104D室 \n', '{\"lng\":113.347874,\"lat\":40.16061}', '101100000', '山西', '4', '5');
INSERT INTO `postlist` VALUES ('cec9ef02-68d5-40eb-84f5-008f4d0e7fdc', 'ios开发实习生', '200-250元/天', '6.75', '工作职责：\n-负责iOS系统移动客户端产品研发 \n-负责产品架构的改进及性能优化 \n-负责新技术的学习、研究和应用 \n-参与产品的设计和改进 \n\n任职资格：\n-本科及以上学历，计算机相关专业。\n-有扎实的C、C++、数据结构、算法基础。 \n-熟悉objctive-c、swift等iOS常用语言和开发技术。\n-热爱互联网，对移动产品研发有浓厚兴趣 \n-具备强烈的进取心和责任感, 极强的学习能力及良好的团队合作精神\n-具有较强逻辑思维能力和表达能力 \n-有成熟iOS项目经验者优先', '0', '[1010000,1000030,100203]', '百度在线网络技术（北京）有限公司 ', '490268ed-9f9a-4543-86be-07ba13225f31', '北京市海淀区上地十街10号百度大厦三层 \n', '{\"lng\":116.307832,\"lat\":40.056848}', '101010000', '北京', '4', '1');
INSERT INTO `postlist` VALUES ('d560d7d2-9a8d-46a8-82f3-e987676b63fe', '中/高级前端开发工程师（地产事业部）', '15-25K', '20', '岗位职责:\n1.全流程参与大数据平台的产品概念，架构设计，技术选型，核心代码编写，运维、性能调优；\n2.指导、培训初中级开发工程师，帮助故障排查，调试；\n3.与产品经理、市场、后端、运维合作，提高产品的竞争力，增强开源社区的影响力。\n任职资格:\n1.五年以上前端工作经验；\n2.推进前端技术栈持续发展；\n3.精通Vue，React或者其他前端框架，具备框架设计能力；\n4.能快速理解业务需求，交互场景；\n5.具备一定的数据结构/算法/安全能力；\n6.有多端开发实践经验优先考虑；\n7.有技术team管理经验优先考虑。\n\n注：此岗位需接受短期出差。', '0', '[1010000,1000030,100901]', '深圳市惟客数据科技有限公司 ', 'd8c73029-ebfc-47b1-8ca0-9fbe87b47ee2', '深圳市南山区粤海街道海珠社区海德三道199号天利中央商务广场3106-3111（3106、3108、3109、3110） \n', '{\"lng\":113.949797,\"lat\":22.524569}', '101280000', '广东', '4', '6');
INSERT INTO `postlist` VALUES ('d5f9f94b-0723-4458-82cf-07a3e553be4c', '初级Java工程师（大同）', '6-9K·13薪', '8.125', '您负责的工作内容：\n 1、负责公司产品的后端java开发，需求进行合理分析；\n 2、协助实现项目的后端架构、代码，完成前后端对接；\n 3、持续优化相关产品的质量、性能、用户体验；\n 4、负责公司产品持续优化。\n我们需要您具备：\n 1、计算机相关专业，本科及以上学历；\n 2、1年及以上Java B/S架构系统设计和开发经验；\n 3、熟悉MySQL或ORACLE数据库，SQL查询语言，了解相关应用服务器配置，熟练掌握linux系统下相关服务器软件安装维护工作；\n 4、熟练掌握MVC架构体系，掌握SpringMVC，Mybatis等开源框架；\n 5、兼备Ajax，javascript，jquery，html相关技术优先考虑；\n 6、具有良好的规范意识和编程风格、团队合作精神，工作态度敬业务实。', '0', '[1010000,1000020,100101]', '成都房联云码科技有限公司', '13238cdd-f834-4f5a-8ef7-fab59c5126c8', '中国（四川）自由贸易试验区成都高新区天华二路219号12栋4层 \n', '{\"lng\":104.079212,\"lat\":30.546202}', '101270000', '四川', '4', '4');
INSERT INTO `postlist` VALUES ('e25240c5-374b-4a3d-8996-6d088fb97d14', '运维工程师', '5-7K', '6', '岗位职责：\n1、负责客户OA系统的相关维护及技术支持；\n2、解决常见数据库问题及调优；\n3、负责客户人员的系统培训。\n岗位要求：\n1、本科学历，计算机相关专业；\n2、熟悉windows、lunix操作系统；熟悉Sql server；MySQL; Oracle；\n3、具有较强的理解能力；表达能力；沟通和协调能力；\n4、富有责任心、创新精神和团队合作精神，学习能力强； 工作积极主动；\n5、能熟练使用常用的工具软件（OFFICE，VISIO，PROJECT等）。', '0', '[1010000,1000050,100401]', '山西域亨科创科技有限公司 ', '8ed368e5-1d5f-4f20-87ce-4796fb32c994', '山西省大同市开发区上海漕河泾大同国际创新创业园1454号 \n', '{\"lng\":113.368395,\"lat\":40.104995}', '101100000', '山西', '4', '3');
INSERT INTO `postlist` VALUES ('e338f414-14be-4d45-89b5-9b46a9fd4c35', '机器视觉软件开发工程师', '12-20K', '16', '岗位职责：\n1.开展人工智能算法在农业领域的研究，开发，测试及应用，开发和实现深度学习和机器视觉算法，包括但不限于目标检测、图像分类、语义分割、实例分割等。\n2.进行数据预处理和数据增强，以提高模型的准确性和鲁棒性。\n3.进行算法优化和模型压缩，以提高模型效率和性能，实现模型快速部署和应用落地。\n4.与团队成员合作，探索新的算法和技术，不断提高团队的技术能力。\n5.文档编写和项目管理，以确保项目进度和质量的控制。\n\n岗位要求：\n1.计算机科学或相关领域的硕士及以上学位，有3年以上工作经验者优先。\n2.有深度学习和机器视觉领域的相关经验和技能，熟悉至少一种深度学习框架（如TensorFlow，PyTorch，PaddlePaddle等）。\n3.熟悉常见的深度学习和机器视觉算法，如CNN、RCNN、YOLO、SSD等。\n4.熟悉常见的图像处理技术，如滤波、边缘检测、直方图均衡化等。\n5.有优秀的编程技能，熟悉Python或C++等编程语言，会Java web平台开发者优先。\n6.具有良好的数学和统计学基础，熟悉线性代数、概率论等。\n7.有团队合作精神，能够良好地与团队成员协作，解决问题。\n8.有较强的沟通能力和文档编写能力，能够清晰地表达自己的思路和成果。', '0', '[1030000,1000220,120404]', '成都房联云码科技有限公司', '13238cdd-f834-4f5a-8ef7-fab59c5126c8', '中国（四川）自由贸易试验区成都高新区天华二路219号12栋4层 \n', '{\"lng\":104.079212,\"lat\":30.546202}', '101270000', '四川', '5', '5');
INSERT INTO `postlist` VALUES ('f57b35a4-27f5-4e5e-abbe-8bf1b6f56f9e', '数据架构师(J12870)', '50-70K·16薪', '80', '工作职责:\n职责描述：\n 1、负责百万级设备连接的高并发低延迟实时计算系统架构设计； \n2、优化和改进核心链路性能，提升全链路系统稳定性； \n3、设计合理的业务和技术架构方案，并推进方案的落地 ； \n4、研发和迭代基础服务组件，解决共性需求，设计架构方案能够承载百万级设备运转 ；\n任职资格:\n任职要求： \n1、有大型的基础架构领域或大数据基础设施设计和研发落地经验；\n2、开发过MQ、RPC等基础设施，对 Kafka 原理，架构原理非常熟悉，有各种调优经验。\n3、熟练掌握 Flink 实时计算系统原理，架构，代码，有性能调优经验。\n4、对时序型数据存储或数据库的原理有深入研究，大数据存储架构原理，有对应的优化经验。\n5、熟悉业务架构设计理论，熟悉行业常见的架构方案； \n6、熟悉IO、多线程及并发技术，熟悉计算机网络基础、掌握常见的开源中间件的原理与实践；\n7、精通 Java，能够熟练使用多种编程语言。\n8、扎实的技术基础，熟悉性能、可用性、伸缩性、扩展性、安全性、运维监控、集成发布等； \n9、积极乐观，责任心强，工作认真细致，具备良好的服务意识，具有良好的团队沟通与协作能力；', '0', '[1010000,1000060,100508]', '树根互联股份有限公司 ', '0f638e14-1d9c-4021-822c-d8b5a2168951', '广州市海珠区华洲路190号5栋整栋1-3层（仅限办公） \n', '{\"lng\":113.350669,\"lat\":23.080336}', '101280000', '广东', '4', '7');
INSERT INTO `postlist` VALUES ('fec384f3-4e52-43c3-8f43-43ae54da410b', '资深前端开发工程师', '35-65K·15薪', '62.5', '岗位职责：\n1、带领团队完成营销方向的工作和前置的工程及机制建设；\n2、完成泛前端效率和质量体系的构建和实践，为高性能和高可用提供保障；\n3、参与前线调研，负责前线业务对接。\n\n任职要求：\n1、统招本科及以上学历，计算机、通信等相关专业，3-10年工作经历；\n2、熟练使用TypeScript/JavaScript, React/Vue全家桶、Node.js、小程序中的一种或多种；\n3、有较好的架构能力，能在提升交付效率，确保工程质量两个方向找到问题，合理的分析，设计并落地相应的技术工作；\n4、对用户体验有极致的追求，能分析海外业务场景，寻找合理的解决办法，确保海外用户使用无障碍；\n4、具有较强的学习能力、抗压能力，沟通能力；\n5、有金融方向研发经验者优先；\n6、英文可作为工作语言为佳。', '0', '[1010000,1000030,100901]', '北京嘀嘀无限科技发展有限公司 ', '19c4da36-adb4-4e4d-87ec-7d87da90e9d8', '北京市海淀区唐家岭北环路6号院1号楼A座三层303 \n', '{\"lng\":116.281873,\"lat\":40.074097}', '101010000', '北京', '4', '5');

-- ----------------------------
-- Table structure for `rolelist`
-- ----------------------------
DROP TABLE IF EXISTS `rolelist`;
CREATE TABLE `rolelist` (
  `name` varchar(100) NOT NULL,
  `id` varchar(100) NOT NULL,
  `pid` varchar(100) DEFAULT NULL,
  PRIMARY KEY (`id`)
) ENGINE=InnoDB DEFAULT CHARSET=utf8;

-- ----------------------------
-- Records of rolelist
-- ----------------------------
INSERT INTO `rolelist` VALUES ('管理员', '1', 'null');
INSERT INTO `rolelist` VALUES ('用户', '2', 'null');

-- ----------------------------
-- Table structure for `routerlist`
-- ----------------------------
DROP TABLE IF EXISTS `routerlist`;
CREATE TABLE `routerlist` (
  `name` varchar(100) DEFAULT NULL,
  `url` varchar(100) DEFAULT NULL,
  `icon` varchar(100) DEFAULT NULL,
  `id` varchar(200) NOT NULL,
  `pid` varchar(200) DEFAULT NULL,
  `type` varchar(200) DEFAULT NULL,
  PRIMARY KEY (`id`)
) ENGINE=InnoDB DEFAULT CHARSET=utf8;

-- ----------------------------
-- Records of routerlist
-- ----------------------------
INSERT INTO `routerlist` VALUES ('首页', '/home', 'el-icon-s-home', '123456njkafas', 'null', '管理员,用户');
INSERT INTO `routerlist` VALUES ('个人中心', '/personalCenter', 'el-icon-user', '46GFSDOFOKPkop', 'null', '用户');
INSERT INTO `routerlist` VALUES ('公司', '/dataManage/company', 'el-icon-office-building', 'aaacompan', 'dataaaaaa', '管理员,用户');
INSERT INTO `routerlist` VALUES ('驾驶舱', '/dataScreen', 'el-icon-s-platform', 'daasacasdasdad', 'null', '管理员');
INSERT INTO `routerlist` VALUES ('数据管理', '/dataManage', 'el-icon-tickets', 'dataaaaaa', 'null', '管理员,用户');
INSERT INTO `routerlist` VALUES ('字典', '/sysManage/dict', 'el-icon-collection', 'dict13123123', 'mfpafpfaf1', '管理员');
INSERT INTO `routerlist` VALUES ('用户', '/sysManage/user', 'el-icon-user', 'fsf45fasf489vdsa489', 'mfpafpfaf1', '管理员');
INSERT INTO `routerlist` VALUES ('系统管理', '/userManage', 'el-icon-s-tools', 'mfpafpfaf1', 'null', '管理员');
INSERT INTO `routerlist` VALUES ('岗位', '/dataManage/post', 'el-icon-suitcase-1', 'postassagasfsfasdas', 'dataaaaaa', '管理员,用户');
INSERT INTO `routerlist` VALUES ('角色', '/sysManage/role', 'el-icon-s-custom', 'roleM12313', 'mfpafpfaf1', '管理员');

-- ----------------------------
-- Table structure for `userlist`
-- ----------------------------
DROP TABLE IF EXISTS `userlist`;
CREATE TABLE `userlist` (
  `username` varchar(1000) DEFAULT NULL,
  `password` varchar(1000) DEFAULT NULL,
  `headimg` varchar(9999) DEFAULT NULL,
  `token` varchar(1000) DEFAULT NULL,
  `role` varchar(100) DEFAULT NULL,
  `roleid` varchar(100) DEFAULT NULL,
  `id` varchar(300) NOT NULL,
  PRIMARY KEY (`id`)
) ENGINE=InnoDB DEFAULT CHARSET=utf8mb4;

-- ----------------------------
-- Records of userlist
-- ----------------------------
INSERT INTO `userlist` VALUES ('张泽', 'a123456', 'https://pic.imgdb.cn/item/65de114a9f345e8d035975f7.png', 'token-vt8z5uyb3r40000000', '用户', '2', '000076fa-a1af-4b00-8929-a1a3d310d268');
INSERT INTO `userlist` VALUES ('梁在中', 'a123456', 'https://pic.imgdb.cn/item/65de114a9f345e8d035975f7.png', 'token-4klnfacs7j800000000', '用户', '2', '0815f57c-8fd3-44a9-be09-1e13f25c4e14');
INSERT INTO `userlist` VALUES ('刘凯', 'a123456', 'https://pic.imgdb.cn/item/65de114a9f345e8d035975f7.png', 'token-81vsoxnhbac00000000', '用户', '2', '128b85a6-a0c8-4000-82b6-703c41e89ec8');
INSERT INTO `userlist` VALUES ('程飞', 'a123456', 'https://pic.imgdb.cn/item/65de114a9f345e8d035975f7.png', 'token-a0kpw5hmyqo0000000', '用户', '2', '5984d248-dbea-4a45-946d-b03265319767');
INSERT INTO `userlist` VALUES ('admin', '123456', 'https://pic.imgdb.cn/item/65dd4c909f345e8d0332c3f1.jpg', 'admin-token', '管理员', '1', '74435e20-90f8-4d23-9d4a-57bc991dc5f3');
INSERT INTO `userlist` VALUES ('李晓东', 'a123456', 'https://pic.imgdb.cn/item/65de114a9f345e8d035975f7.png', 'token-ny9h5p4qe6o0000000', '用户', '2', '8709bea5-fdee-4a68-86f8-53ccf90a1f55');
INSERT INTO `userlist` VALUES ('李柯辰', 'a123456', 'https://pic.imgdb.cn/item/65de114a9f345e8d035975f7.png', 'token-r19v6x970nk0000000', '用户', '2', '8a14b5da-d6ca-46ea-8bb3-a736aefecce6');
INSERT INTO `userlist` VALUES ('蔺鹏宇', 'a123456', 'https://pic.imgdb.cn/item/65de114a9f345e8d035975f7.png', 'token-nn0aehsfbqo0000000', '用户', '2', '8e521ec7-5b7d-4bfa-8b08-30a06e665e18');
INSERT INTO `userlist` VALUES ('胡树', 'a123456', 'https://pic.imgdb.cn/item/65de114a9f345e8d035975f7.png', 'token-7akk49i3e3w00000000', '用户', '2', 'abc5fd12-3d0d-44f6-8ce9-b86e10df8037');
INSERT INTO `userlist` VALUES ('崔珊珊', 'a123456', 'https://pic.imgdb.cn/item/65de114a9f345e8d035975f7.png', 'token-dt3jfoi66ew0000000', '用户', '2', 'cf772738-f773-4274-8faf-0f469c0447a3');
INSERT INTO `userlist` VALUES ('程维', 'a123456', 'https://pic.imgdb.cn/item/65de114a9f345e8d035975f7.png', 'token-4gzmn8oodtk00000000', '用户', '2', 'e4308aaa-be17-444a-87d7-fc435a10b77a');
